cell_id,criterion_order,criterion_id,criterion_name,jurisdiction_code,instrument_id,article_numbers,korean_summary,major_exceptions,translation_links,official_source_url,source_version,translation_status,review_status,pending_reason
personal_information_scope--KR,1,personal_information_scope,개인정보 범위,KR,kr-pipa,"[""제2조"",""제58조의2""]","살아 있는 사람을 식별할 수 있는 정보와 다른 정보와 쉽게 결합하여 식별 가능한 정보가 개인정보에 속한다. 결합 가능성은 추가 정보의 입수 가능성과 시간·비용·기술을 고려한다. 가명정보도 개인정보이며, 처리에는 수집·저장·이용·제공·파기 등 다양한 행위가 포함된다.",다른 정보를 사용하더라도 합리적인 시간·비용·기술로 개인을 더 이상 식별할 수 없는 정보는 법 적용에서 제외된다. 가명처리만으로 익명정보가 되는 것은 아니다. 민감정보·고유식별정보의 별도 범주는 제23조·제24조 기준에서 검토한다.,"[""./sources/pipa-index.md#pipa-a2"",""./sources/pipa-index.md#pipa-a58-2""]",https://www.law.go.kr/LSW//lsInfoP.do?lsiSeq=283839&chrClsCd=010202&urlMode=lsInfoP&efYd=20260911&ancYnChk=0,"국가법령정보센터 lsiSeq 283839; 법률 제21445호, 2026-03-10 일부개정, 2026-09-11 시행; 공식 본문 HTML 확보; 시행예정·부칙·누락 및 이용조건 대조 필요",official_original_indexed,unreviewed,"Codex 자체 요약·사람 검수 전 초안. 선택 판본: 법률 제21445호(2026-03-10 개정), 2026-09-11 시행. 관련 시행령·고시 및 개별 특별법 대조 필요. 공식 원문 재배포 조건 미확인."
personal_information_scope--JP,1,personal_information_scope,개인정보 범위,JP,jp-appi,"[""제2조 제1항"",""제2조 제2항"",""제2조 제3항"",""제2조 제5항"",""제2조 제6항"",""제2조 제7항"",""제16조 제1항"",""제16조 제3항"",""제16조 제4항"",""제60조 제1항"",""제60조 제2항"",""제60조 제5항""]",개인정보는 살아 있는 개인에 관한 정보로 특정 개인을 식별할 수 있는 것(다른 정보와 쉽게 대조하여 식별되는 경우 포함) 또는 개인식별부호가 포함된 것이다. 개인정보·개인데이터·보유개인데이터 및 공공부문의 보유개인정보·개인정보파일을 구별한다. 가명가공정보·익명가공정보·개인관련정보·배려가 필요한 개인정보는 별도 정의된다.,"개인식별부호는 정령·규칙으로 지정된 생체특징 변환부호와 번호 등에 한정된다. 데이터베이스 제외는 적법하게 불특정 다수에게 판매·구매 가능한 발행물을 다른 생존자 정보 추가 없이 본래 용도로 사용하는 등 시행령 제4조의 누적 요건에 따른다. 존재 여부 공개로 생명·신체·재산, 국가안전·공공질서 등에 위험을 주는 시행령 제5조 정보는 보유개인데이터에서 제외된다. 공공 보유개인정보는 행정문서 등 기록요건을 갖추어야 하고, 조례상 배려정보의 추가 지정은 지자체별로 다르다.","[""./translations/appi.md#main-a2-p1"",""./translations/appi.md#main-a2-p2"",""./translations/appi.md#main-a2-p3"",""./translations/appi.md#main-a2-p5"",""./translations/appi.md#main-a2-p6"",""./translations/appi.md#main-a2-p7"",""./translations/appi.md#main-a16-p1"",""./translations/appi.md#main-a16-p3"",""./translations/appi.md#main-a16-p4"",""./translations/appi.md#main-a60-p1"",""./translations/appi.md#main-a60-p2"",""./translations/appi.md#main-a60-p5""]",https://laws.e-gov.go.jp/api/2/law_data/415AC0000000057_20261001_507AC0000000070,415AC0000000057_20261001_507AC0000000070; CurrentEnforced; 본칙·제공 부칙·별표 확보,full_draft,unreviewed,"사람 의미·법률 검수 미착수. 선택 APPI 원문과 관련 시행령·위원회 규칙·PPC 통칙편을 원문대조한 조항분류 초안이며, 한국법과의 동일성이나 집행실무는 검토하지 않음. 개별 지방조례 지정범위와 분야별 정의 적용은 미확인. 확인한 하위법 정의를 모든 번호·생체정보 또는 모든 공개자료에 확대하지 않음. 상세 근거·검수 질문: japan-pre-review.md#criterion-1."
personal_information_scope--CN,1,personal_information_scope,개인정보 범위,CN,cn-pipl,,미검토,미검토,,https://flk.npc.gov.cn/law-search/search/flfgDetails?bbbs=ff8081817b6472a3017b656cc2040044,NPC DB bbbs ff8081817b6472a3017b656cc2040044; sxx=3(유효); 공포 2021-08-20·시행 2021-11-01 메타데이터 확인; 목차 확보·법문 파일 미확보,not_started,unreviewed,한국·일본 우선 작업 후 재개; 공식 판본·전체 범위·이용조건 확인 및 전문 번역 미완료
personal_information_scope--EU,1,personal_information_scope,개인정보 범위,EU,eu-gdpr,,미검토,미검토,,https://op.europa.eu/en/publication-detail/-/publication/3e485e15-11bd-11e6-ba9a-01aa75ed71a1/language-en,"EU 출판국 OJ L 119, 4.5.2016 관보 원판 HTML·PDF; 11장·15절·99조·전문 고려사항 173개; 제99조 적용 2018-05-25; 정오표·현행 통합본 검토 필요",not_started,unreviewed,한국·일본 우선 작업 후 재개; 공식 판본·전체 범위·이용조건 확인 및 전문 번역 미완료
personal_information_scope--GB,1,personal_information_scope,개인정보 범위,GB,gb-uk-gdpr,,미검토,미검토,,https://www.legislation.gov.uk/eur/2016/679/data.xml,"revised XML; RestrictStartDate 2026-09-30; 미반영 개정 5건 존재, 현행성 검토 필요",not_started,unreviewed,한국·일본 우선 작업 후 재개; 공식 판본·전체 범위·이용조건 확인 및 전문 번역 미완료
personal_information_scope--US-CA,1,personal_information_scope,개인정보 범위,US-CA,us-ca-ccpa,,미검토,미검토,,https://cppa.ca.gov/pdf/20260101_ccpa_statute.pdf,"CPPA PDF 표제 effective 01/01/2026, AB 137·AB 566 update; 주 의회 법전과 후속 개정 대조 필요",not_started,unreviewed,한국·일본 우선 작업 후 재개; 공식 판본·전체 범위·이용조건 확인 및 전문 번역 미완료
personal_information_scope--SG,1,personal_information_scope,개인정보 범위,SG,sg-pdpa,,미검토,미검토,,https://sso.agc.gov.sg/Act/PDPA2012,SSO Current version as at 06 Oct 2026; 2020 REVISED EDITION 기반; 전체 범위·후속 개정 시행일 검토 필요,not_started,unreviewed,한국·일본 우선 작업 후 재개; 공식 판본·전체 범위·이용조건 확인 및 전문 번역 미완료
law_application_scope--KR,2,law_application_scope,법 적용 대상,KR,kr-pipa,"[""제2조"",""제6조"",""제25조"",""제25조의2"",""제26조"",""제27조"",""제31조의2"",""제58조"",""제58조의2"",""부칙(법률 제20897호) 제2조""]",업무상 개인정보파일을 운용하며 직접 또는 타인을 통해 처리하는 공공기관·법인·단체·개인이 일반적인 개인정보처리자에 해당한다. 수탁자에게는 열거된 의무가 준용되고 영업양수자도 처리자로 본다. 고정형·이동형 영상 규정은 별도의 행위자 범위를 두며 일정 국외 사업자는 국내대리인을 지정한다.,"다른 법률의 특별규정이 우선한다. 국가안보 정보분석, 언론·종교단체·정당의 고유 목적에는 일부 장이 제외되지만 최소처리·안전관리 의무는 남는다. 공개장소 고정형 영상과 친목단체에는 특정 조항만 제외된다. 익명정보는 법 전체 적용에서 제외된다.","[""./sources/pipa-index.md#pipa-a2"",""./sources/pipa-index.md#pipa-a6"",""./sources/pipa-index.md#pipa-a25"",""./sources/pipa-index.md#pipa-a25-2"",""./sources/pipa-index.md#pipa-a26"",""./sources/pipa-index.md#pipa-a27"",""./sources/pipa-index.md#pipa-a31-2"",""./sources/pipa-index.md#pipa-a58"",""./sources/pipa-index.md#pipa-a58-2"",""./sources/pipa-index.md#pipa-suppl-20897-a2""]",https://www.law.go.kr/LSW//lsInfoP.do?lsiSeq=283839&chrClsCd=010202&urlMode=lsInfoP&efYd=20260911&ancYnChk=0,"국가법령정보센터 lsiSeq 283839; 법률 제21445호, 2026-03-10 일부개정, 2026-09-11 시행; 공식 본문 HTML 확보; 시행예정·부칙·누락 및 이용조건 대조 필요",official_original_indexed,unreviewed,"Codex 자체 요약·사람 검수 전 초안. 선택 판본: 법률 제21445호(2026-03-10 개정), 2026-09-11 시행. 관련 시행령·고시 및 개별 특별법 대조 필요. 공식 원문 재배포 조건 미확인. 국내대리인 지정 관련 법률20897 부칙 제2조 경과조치는 본칙 제2조와 구분하여 검토. 국외 사업자 일반적 적용 범위는 본문만으로 단정하지 않음."
law_application_scope--JP,2,law_application_scope,법 적용 대상,JP,jp-appi,"[""제2조 제8항"",""제2조 제10항"",""제2조 제9항"",""제2조 제11항"",""제16조 제2항"",""제16조 제5항"",""제16조 제6항"",""제16조 제7항"",""제57조 제1항"",""제58조 제1항"",""제58조 제2항"",""제125조"",""제171조"",""별표 제1"",""별표 제2"",""부칙 (레이와 3년 5월 19일 법률 제37호) [발췌] 제1조 제1항 제4호"",""부칙 (레이와 3년 5월 19일 법률 제37호) [발췌] 제1조 제1항 제7호"",""부칙 (레이와 7년 6월 18일 법률 제70호) [발췌] 제1조 제1항"",""제57조 제3항""]","민간에는 개인정보데이터베이스 등을 사업에 사용하는 자와 가명·익명·개인관련정보 취급사업자별 규정이 적용되고, 행정기관 등에는 공공부문 규정이 적용된다. 일본 국내에 있는 자에게 물품·용역을 제공하는 것과 관련하여 그 자를 본인으로 하는 정보 등을 외국에서 취급하는 경우에도 제171조에 따라 적용된다. 공공부문 단계별 시행 부칙과 2026-10-01 시행 개정법을 구분한다.","제57조의 보도기관·직업적 저술가·종교단체·정치단체와 해당 목적에 대한 제외는 제4장에 관한 것이며, 제3항은 안전관리·고충처리 등 자율조치와 공표의 노력의무를 둔다. 지방의회 제외의 조문별 예외와 별표 법인·지방기관의 병원·진료소·대학 운영 등에 대한 제58조·제125조의 민간/공공 규정 교차 적용을 구분한다. 모든 해외 처리에 일률적으로 적용되지 않는다.","[""./translations/appi.md#main-a2-p8"",""./translations/appi.md#main-a2-p10"",""./translations/appi.md#main-a2-p9"",""./translations/appi.md#main-a2-p11"",""./translations/appi.md#main-a16-p2"",""./translations/appi.md#main-a16-p5"",""./translations/appi.md#main-a16-p6"",""./translations/appi.md#main-a16-p7"",""./translations/appi.md#main-a57-p1"",""./translations/appi.md#main-a58-p1"",""./translations/appi.md#main-a58-p2"",""./translations/appi.md#main-a125"",""./translations/appi.md#main-a171"",""./translations/appi.md#law-table1"",""./translations/appi.md#law-table2"",""./translations/appi.md#suppl11-a1-p1-i4"",""./translations/appi.md#suppl11-a1-p1-i7"",""./translations/appi.md#suppl19-a1-p1"",""./translations/appi.md#main-a57-p3""]",https://laws.e-gov.go.jp/api/2/law_data/415AC0000000057_20261001_507AC0000000070,415AC0000000057_20261001_507AC0000000070; CurrentEnforced; 본칙·제공 부칙·별표 확보,full_draft,unreviewed,"사람 의미·법률 검수 미착수. 선택 APPI 원문과 관련 시행령·위원회 규칙·PPC 통칙편을 원문대조한 조항분류 초안이며, 한국법과의 동일성이나 집행실무는 검토하지 않음. 부칙 발췌 밖의 개정법 전체와 단계별 시행일 지정 정령, 개별 사업·기관의 특례 적용은 미확인. 상세 근거·검수 질문: japan-pre-review.md#criterion-2."
law_application_scope--CN,2,law_application_scope,법 적용 대상,CN,cn-pipl,,미검토,미검토,,https://flk.npc.gov.cn/law-search/search/flfgDetails?bbbs=ff8081817b6472a3017b656cc2040044,NPC DB bbbs ff8081817b6472a3017b656cc2040044; sxx=3(유효); 공포 2021-08-20·시행 2021-11-01 메타데이터 확인; 목차 확보·법문 파일 미확보,not_started,unreviewed,한국·일본 우선 작업 후 재개; 공식 판본·전체 범위·이용조건 확인 및 전문 번역 미완료
law_application_scope--EU,2,law_application_scope,법 적용 대상,EU,eu-gdpr,,미검토,미검토,,https://op.europa.eu/en/publication-detail/-/publication/3e485e15-11bd-11e6-ba9a-01aa75ed71a1/language-en,"EU 출판국 OJ L 119, 4.5.2016 관보 원판 HTML·PDF; 11장·15절·99조·전문 고려사항 173개; 제99조 적용 2018-05-25; 정오표·현행 통합본 검토 필요",not_started,unreviewed,한국·일본 우선 작업 후 재개; 공식 판본·전체 범위·이용조건 확인 및 전문 번역 미완료
law_application_scope--GB,2,law_application_scope,법 적용 대상,GB,gb-uk-gdpr,,미검토,미검토,,https://www.legislation.gov.uk/eur/2016/679/data.xml,"revised XML; RestrictStartDate 2026-09-30; 미반영 개정 5건 존재, 현행성 검토 필요",not_started,unreviewed,한국·일본 우선 작업 후 재개; 공식 판본·전체 범위·이용조건 확인 및 전문 번역 미완료
law_application_scope--US-CA,2,law_application_scope,법 적용 대상,US-CA,us-ca-ccpa,,미검토,미검토,,https://cppa.ca.gov/pdf/20260101_ccpa_statute.pdf,"CPPA PDF 표제 effective 01/01/2026, AB 137·AB 566 update; 주 의회 법전과 후속 개정 대조 필요",not_started,unreviewed,한국·일본 우선 작업 후 재개; 공식 판본·전체 범위·이용조건 확인 및 전문 번역 미완료
law_application_scope--SG,2,law_application_scope,법 적용 대상,SG,sg-pdpa,,미검토,미검토,,https://sso.agc.gov.sg/Act/PDPA2012,SSO Current version as at 06 Oct 2026; 2020 REVISED EDITION 기반; 전체 범위·후속 개정 시행일 검토 필요,not_started,unreviewed,한국·일본 우선 작업 후 재개; 공식 판본·전체 범위·이용조건 확인 및 전문 번역 미완료
privacy_principles--KR,3,privacy_principles,개인정보보호 원칙,KR,kr-pipa,"[""제1조"",""제3조"",""제5조"",""제6조"",""제16조"",""제21조"",""제22조"",""제30조"",""제30조의3""]","목적을 분명히 정하고 필요한 최소정보를 적법하게 수집하며, 목적에 맞는 처리·정확성·최신성·안전관리를 확보한다. 처리방침 공개와 권리 보장, 사생활 침해 최소화 및 책임 이행이 원칙이다. 목적 달성이 가능하면 익명처리를 우선하고 그렇지 않으면 가명처리를 고려한다. 불필요한 정보는 파기하고 대표자는 보호에 필요한 관리·지원 책임을 진다.",다른 법령에 보존 의무가 있으면 파기 대신 분리 보관한다. 최소정보 외 선택적 수집 거부를 이유로 서비스를 거절할 수 없다. 원칙이 개별 조문의 동의 없는 처리근거를 대신하지 않으므로 수집·이용·제공별 요건과 적용제외를 함께 확인한다.,"[""./sources/pipa-index.md#pipa-a1"",""./sources/pipa-index.md#pipa-a3"",""./sources/pipa-index.md#pipa-a5"",""./sources/pipa-index.md#pipa-a6"",""./sources/pipa-index.md#pipa-a16"",""./sources/pipa-index.md#pipa-a21"",""./sources/pipa-index.md#pipa-a22"",""./sources/pipa-index.md#pipa-a30"",""./sources/pipa-index.md#pipa-a30-3""]",https://www.law.go.kr/LSW//lsInfoP.do?lsiSeq=283839&chrClsCd=010202&urlMode=lsInfoP&efYd=20260911&ancYnChk=0,"국가법령정보센터 lsiSeq 283839; 법률 제21445호, 2026-03-10 일부개정, 2026-09-11 시행; 공식 본문 HTML 확보; 시행예정·부칙·누락 및 이용조건 대조 필요",official_original_indexed,unreviewed,"Codex 자체 요약·사람 검수 전 초안. 선택 판본: 법률 제21445호(2026-03-10 개정), 2026-09-11 시행. 관련 시행령·고시 및 개별 특별법 대조 필요. 공식 원문 재배포 조건 미확인."
privacy_principles--JP,3,privacy_principles,개인정보보호 원칙,JP,jp-appi,"[""제3조"",""제17조"",""제18조"",""제19조"",""제20조"",""제21조"",""제22조"",""제23조"",""제61조"",""제63조"",""제64조"",""제65조"",""제66조"",""제62조"",""제69조""]","개인의 인격 존중을 기본이념으로 삼고 이용목적 특정, 목적 외 취급 제한, 부적정 이용·부정 취득 금지, 목적 통지·공표 또는 명시, 정확성 및 안전관리를 규정한다. 민간의 정확성·최신성 유지와 불필요 데이터 소거 및 공공의 사실 일치 확보는 노력의무이다. 공공은 소관 사무·업무 수행에 필요한 범위로 보유를 제한하고 직접 서면 취득 시 목적을 사전 명시하며, 목적 외 이용·제공은 제69조의 요건에 따른다.","민간 동의·법령·생명보호·공중위생/아동육성·학술연구 등의 예외와 목적 통지·공표·명시 면제는 요건이 다르다. 공공 제69조 제2항 각 호의 목적 외 이용·제공 예외는 본인/제3자의 권리이익을 부당하게 침해할 우려가 있는 경우에는 인정되지 않는다. 목적 변경의 관련성 기준은 민간과 공공의 문구가 다르며, 노력의무를 결과 보장의무로 바꾸지 않는다.","[""./translations/appi.md#main-a3"",""./translations/appi.md#main-a17"",""./translations/appi.md#main-a18"",""./translations/appi.md#main-a19"",""./translations/appi.md#main-a20"",""./translations/appi.md#main-a21"",""./translations/appi.md#main-a22"",""./translations/appi.md#main-a23"",""./translations/appi.md#main-a61"",""./translations/appi.md#main-a63"",""./translations/appi.md#main-a64"",""./translations/appi.md#main-a65"",""./translations/appi.md#main-a66"",""./translations/appi.md#main-a62"",""./translations/appi.md#main-a69""]",https://laws.e-gov.go.jp/api/2/law_data/415AC0000000057_20261001_507AC0000000070,415AC0000000057_20261001_507AC0000000070; CurrentEnforced; 본칙·제공 부칙·별표 확보,full_draft,unreviewed,"사람 의미·법률 검수 미착수. 선택 APPI 원문과 관련 시행령·위원회 규칙·PPC 통칙편을 원문대조한 조항분류 초안이며, 한국법과의 동일성이나 집행실무는 검토하지 않음. PPC 지침상 구체적 목적 특정/변경·안전관리 사례의 전부와 개별 분야 지침은 미검토. 상세 근거·검수 질문: japan-pre-review.md#criterion-3."
privacy_principles--CN,3,privacy_principles,개인정보보호 원칙,CN,cn-pipl,,미검토,미검토,,https://flk.npc.gov.cn/law-search/search/flfgDetails?bbbs=ff8081817b6472a3017b656cc2040044,NPC DB bbbs ff8081817b6472a3017b656cc2040044; sxx=3(유효); 공포 2021-08-20·시행 2021-11-01 메타데이터 확인; 목차 확보·법문 파일 미확보,not_started,unreviewed,한국·일본 우선 작업 후 재개; 공식 판본·전체 범위·이용조건 확인 및 전문 번역 미완료
privacy_principles--EU,3,privacy_principles,개인정보보호 원칙,EU,eu-gdpr,,미검토,미검토,,https://op.europa.eu/en/publication-detail/-/publication/3e485e15-11bd-11e6-ba9a-01aa75ed71a1/language-en,"EU 출판국 OJ L 119, 4.5.2016 관보 원판 HTML·PDF; 11장·15절·99조·전문 고려사항 173개; 제99조 적용 2018-05-25; 정오표·현행 통합본 검토 필요",not_started,unreviewed,한국·일본 우선 작업 후 재개; 공식 판본·전체 범위·이용조건 확인 및 전문 번역 미완료
privacy_principles--GB,3,privacy_principles,개인정보보호 원칙,GB,gb-uk-gdpr,,미검토,미검토,,https://www.legislation.gov.uk/eur/2016/679/data.xml,"revised XML; RestrictStartDate 2026-09-30; 미반영 개정 5건 존재, 현행성 검토 필요",not_started,unreviewed,한국·일본 우선 작업 후 재개; 공식 판본·전체 범위·이용조건 확인 및 전문 번역 미완료
privacy_principles--US-CA,3,privacy_principles,개인정보보호 원칙,US-CA,us-ca-ccpa,,미검토,미검토,,https://cppa.ca.gov/pdf/20260101_ccpa_statute.pdf,"CPPA PDF 표제 effective 01/01/2026, AB 137·AB 566 update; 주 의회 법전과 후속 개정 대조 필요",not_started,unreviewed,한국·일본 우선 작업 후 재개; 공식 판본·전체 범위·이용조건 확인 및 전문 번역 미완료
privacy_principles--SG,3,privacy_principles,개인정보보호 원칙,SG,sg-pdpa,,미검토,미검토,,https://sso.agc.gov.sg/Act/PDPA2012,SSO Current version as at 06 Oct 2026; 2020 REVISED EDITION 기반; 전체 범위·후속 개정 시행일 검토 필요,not_started,unreviewed,한국·일본 우선 작업 후 재개; 공식 판본·전체 범위·이용조건 확인 및 전문 번역 미완료
data_subject_rights--KR,4,data_subject_rights,정보주체 권리,KR,kr-pipa,"[""제4조"",""제20조"",""제20조의2"",""제27조"",""제28조의7"",""제30조"",""제35조"",""제35조의2"",""제35조의3"",""제35조의4"",""제36조"",""제37조"",""제37조의2"",""제38조"",""제39조"",""제39조의2"",""제40조"",""제43조"",""제49조"",""제51조"",""제58조"",""제62조""]","처리정보를 알 권리와 동의 선택, 열람·전송·정정·삭제·처리정지·동의 철회 및 자동화된 결정의 거부·설명 요구권을 보장한다. 출처·이용제공 내역과 영업이전 관련 통지, 쉽게 행사할 수 있는 절차도 마련한다. 손해배상·법정손해배상, 분쟁조정·단체소송 및 침해 신고 등의 구제 경로를 둔다.",열람은 법률상 제한·타인 권익·특정 공공업무에 중대한 지장이 있으면 제한된다. 법정 수집대상 정보는 삭제를 요구할 수 없으며 처리정지·철회에도 법정 사유가 있다. 자동결정 거부권에는 동의·법정근거·계약에 기초한 결정 등 예외가 있고 전송권은 지정 대상·요건을 충족해야 한다. 가명특례·고정형 영상에는 일부 권리가 제외된다.,"[""./sources/pipa-index.md#pipa-a4"",""./sources/pipa-index.md#pipa-a20"",""./sources/pipa-index.md#pipa-a20-2"",""./sources/pipa-index.md#pipa-a27"",""./sources/pipa-index.md#pipa-a28-7"",""./sources/pipa-index.md#pipa-a30"",""./sources/pipa-index.md#pipa-a35"",""./sources/pipa-index.md#pipa-a35-2"",""./sources/pipa-index.md#pipa-a35-3"",""./sources/pipa-index.md#pipa-a35-4"",""./sources/pipa-index.md#pipa-a36"",""./sources/pipa-index.md#pipa-a37"",""./sources/pipa-index.md#pipa-a37-2"",""./sources/pipa-index.md#pipa-a38"",""./sources/pipa-index.md#pipa-a39"",""./sources/pipa-index.md#pipa-a39-2"",""./sources/pipa-index.md#pipa-a40"",""./sources/pipa-index.md#pipa-a43"",""./sources/pipa-index.md#pipa-a49"",""./sources/pipa-index.md#pipa-a51"",""./sources/pipa-index.md#pipa-a58"",""./sources/pipa-index.md#pipa-a62""]",https://www.law.go.kr/LSW//lsInfoP.do?lsiSeq=283839&chrClsCd=010202&urlMode=lsInfoP&efYd=20260911&ancYnChk=0,"국가법령정보센터 lsiSeq 283839; 법률 제21445호, 2026-03-10 일부개정, 2026-09-11 시행; 공식 본문 HTML 확보; 시행예정·부칙·누락 및 이용조건 대조 필요",official_original_indexed,unreviewed,"Codex 자체 요약·사람 검수 전 초안. 선택 판본: 법률 제21445호(2026-03-10 개정), 2026-09-11 시행. 관련 시행령·고시 및 개별 특별법 대조 필요. 공식 원문 재배포 조건 미확인. 전송 대상·시행령 시행상태 확인, 자동결정 예외와 가명특례의 권리별 차이 및 손해배상 절차 사람 검수 필요."
data_subject_rights--JP,4,data_subject_rights,정보주체 권리,JP,jp-appi,"[""제32조"",""제33조"",""제34조"",""제35조"",""제36조"",""제37조"",""제38조"",""제39조"",""제40조"",""제76조"",""제78조"",""제90조"",""제98조"",""제100조"",""제104조"",""제105조"",""제106조"",""제124조"",""제41조 제9항"",""제58조 제1항"",""제125조""]","민간 보유개인데이터에는 이용목적 통지, 공개 및 제3자 제공기록 공개, 사실 오류의 정정·추가·삭제, 요건에 따른 이용정지·소거·제공정지 청구가 있다. 이용정지 등은 위법 취급·취득·제공뿐 아니라 이용 필요 소멸, 법정 유출 등 사태 및 권리·정당한 이익 침해 우려에도 청구할 수 있다. 절차·대리·수수료·사전청구와 고충처리를 별도로 규정한다. 공공 보유개인정보에는 공개·정정·이용정지와 심사청구가 있고, 정정·이용정지 대상은 공개받은 정보 등 법정 범위에 한정된다.","권리이익·업무·다른 법령 관련 비공개, 요청 공개방법이 고비용/곤란한 경우 서면교부 전환, 이용정지 등이 고비용/곤란하면서 필요한 대체조치를 취하는 경우의 예외를 구별한다. 공공 비공개정보, 형사·소년 사건 관련 정보의 제124조 적용제외 및 공공 정정·이용정지의 공개받은 날부터 90일 기한 등이 있다. 가명가공정보는 제32~39조가 적용되지 않으며, 제58조 특례기관은 제125조에 따라 공공권리 규정과 이용정지 요건 치환이 적용된다.","[""./translations/appi.md#main-a32"",""./translations/appi.md#main-a33"",""./translations/appi.md#main-a34"",""./translations/appi.md#main-a35"",""./translations/appi.md#main-a36"",""./translations/appi.md#main-a37"",""./translations/appi.md#main-a38"",""./translations/appi.md#main-a39"",""./translations/appi.md#main-a40"",""./translations/appi.md#main-a76"",""./translations/appi.md#main-a78"",""./translations/appi.md#main-a90"",""./translations/appi.md#main-a98"",""./translations/appi.md#main-a100"",""./translations/appi.md#main-a104"",""./translations/appi.md#main-a105"",""./translations/appi.md#main-a106"",""./translations/appi.md#main-a124"",""./translations/appi.md#main-a41-p9"",""./translations/appi.md#main-a58-p1"",""./translations/appi.md#main-a125""]",https://laws.e-gov.go.jp/api/2/law_data/415AC0000000057_20261001_507AC0000000070,415AC0000000057_20261001_507AC0000000070; CurrentEnforced; 본칙·제공 부칙·별표 확보,full_draft,unreviewed,"사람 의미·법률 검수 미착수. 선택 APPI 원문과 관련 시행령·위원회 규칙·PPC 통칙편을 원문대조한 조항분류 초안이며, 한국법과의 동일성이나 집행실무는 검토하지 않음. 민간 청구접수·대리 및 공개방법, 공공 본인/대리인 확인·정정/이용정지 준용 규정은 확인함. 기관별 공개방법·지방조례·분야별 절차 및 법원 실무는 미검토. 상세 근거·검수 질문: japan-pre-review.md#criterion-4."
data_subject_rights--CN,4,data_subject_rights,정보주체 권리,CN,cn-pipl,,미검토,미검토,,https://flk.npc.gov.cn/law-search/search/flfgDetails?bbbs=ff8081817b6472a3017b656cc2040044,NPC DB bbbs ff8081817b6472a3017b656cc2040044; sxx=3(유효); 공포 2021-08-20·시행 2021-11-01 메타데이터 확인; 목차 확보·법문 파일 미확보,not_started,unreviewed,한국·일본 우선 작업 후 재개; 공식 판본·전체 범위·이용조건 확인 및 전문 번역 미완료
data_subject_rights--EU,4,data_subject_rights,정보주체 권리,EU,eu-gdpr,,미검토,미검토,,https://op.europa.eu/en/publication-detail/-/publication/3e485e15-11bd-11e6-ba9a-01aa75ed71a1/language-en,"EU 출판국 OJ L 119, 4.5.2016 관보 원판 HTML·PDF; 11장·15절·99조·전문 고려사항 173개; 제99조 적용 2018-05-25; 정오표·현행 통합본 검토 필요",not_started,unreviewed,한국·일본 우선 작업 후 재개; 공식 판본·전체 범위·이용조건 확인 및 전문 번역 미완료
data_subject_rights--GB,4,data_subject_rights,정보주체 권리,GB,gb-uk-gdpr,,미검토,미검토,,https://www.legislation.gov.uk/eur/2016/679/data.xml,"revised XML; RestrictStartDate 2026-09-30; 미반영 개정 5건 존재, 현행성 검토 필요",not_started,unreviewed,한국·일본 우선 작업 후 재개; 공식 판본·전체 범위·이용조건 확인 및 전문 번역 미완료
data_subject_rights--US-CA,4,data_subject_rights,정보주체 권리,US-CA,us-ca-ccpa,,미검토,미검토,,https://cppa.ca.gov/pdf/20260101_ccpa_statute.pdf,"CPPA PDF 표제 effective 01/01/2026, AB 137·AB 566 update; 주 의회 법전과 후속 개정 대조 필요",not_started,unreviewed,한국·일본 우선 작업 후 재개; 공식 판본·전체 범위·이용조건 확인 및 전문 번역 미완료
data_subject_rights--SG,4,data_subject_rights,정보주체 권리,SG,sg-pdpa,,미검토,미검토,,https://sso.agc.gov.sg/Act/PDPA2012,SSO Current version as at 06 Oct 2026; 2020 REVISED EDITION 기반; 전체 범위·후속 개정 시행일 검토 필요,not_started,unreviewed,한국·일본 우선 작업 후 재개; 공식 판본·전체 범위·이용조건 확인 및 전문 번역 미완료
processing_basis_collection--KR,5,processing_basis_collection,처리근거 — 수집,KR,kr-pipa,"[""제3조"",""제15조"",""제16조"",""제20조"",""제22조"",""제22조의2"",""제23조"",""제24조"",""제24조의2"",""제25조"",""제25조의2"",""제28조의2"",""제58조"",""제15조 제1항 제1호"",""제15조 제1항 제2호"",""제15조 제1항 제3호"",""제15조 제1항 제4호"",""제15조 제1항 제5호"",""제15조 제1항 제6호"",""제15조 제1항 제7호"",""제20조 제2항"",""제20조 제4항"",""제22조 제3항"",""제58조 제2항"",""제58조 제3항""]","수집은 동의, 법률 특별규정·불가피한 법정 의무, 공공기관이 법령 등이 정한 소관업무를 수행하는 데 불가피한 경우, 계약·계약 전 요청, 급박한 이익, 권리보다 명백히 우선하는 정당한 이익 또는 공공안전 긴급 필요에 근거한다. 최소수집은 처리자가 입증하고 동의사항·거부권을 고지한다. 무동의 처리 항목·근거는 동의 처리와 구분하여 공개하거나 알리고 적법성도 입증한다. 만14세 미만에서 법상 동의가 필요하면 대리인 동의·확인을 거친다.","정당한 이익은 상당한 관련성·합리적 범위도 필요하다. 민감·식별·주민번호·영상은 특별요건을 따른다. 공개장소 고정형 영상은 제58조제2항, 친목단체 운영은 제3항에 따라 제15조가 제외되지만 일반 제공까지 면제되지는 않는다. 아동의 대리인 동의를 위한 시행령상 최소정보 직접수집과 출처통지의 연락처 부재·권리보다 명백히 우선하는 법정 예외를 구분한다. 아동 최소정보 구체항목은 하위조문 확인 전 기재하지 않는다.","[""./sources/pipa-index.md#pipa-a3"",""./sources/pipa-index.md#pipa-a15"",""./sources/pipa-index.md#pipa-a16"",""./sources/pipa-index.md#pipa-a20"",""./sources/pipa-index.md#pipa-a22"",""./sources/pipa-index.md#pipa-a22-2"",""./sources/pipa-index.md#pipa-a23"",""./sources/pipa-index.md#pipa-a24"",""./sources/pipa-index.md#pipa-a24-2"",""./sources/pipa-index.md#pipa-a25"",""./sources/pipa-index.md#pipa-a25-2"",""./sources/pipa-index.md#pipa-a28-2"",""./sources/pipa-index.md#pipa-a58"",""./sources/pipa-index.md#pipa-a15"",""./sources/pipa-index.md#pipa-a15"",""./sources/pipa-index.md#pipa-a15"",""./sources/pipa-index.md#pipa-a15"",""./sources/pipa-index.md#pipa-a15"",""./sources/pipa-index.md#pipa-a15"",""./sources/pipa-index.md#pipa-a15"",""./sources/pipa-index.md#pipa-a20"",""./sources/pipa-index.md#pipa-a20"",""./sources/pipa-index.md#pipa-a22"",""./sources/pipa-index.md#pipa-a58"",""./sources/pipa-index.md#pipa-a58""]",https://www.law.go.kr/LSW//lsInfoP.do?lsiSeq=283839&chrClsCd=010202&urlMode=lsInfoP&efYd=20260911&ancYnChk=0,"국가법령정보센터 lsiSeq 283839; 법률 제21445호, 2026-03-10 일부개정, 2026-09-11 시행; 공식 본문 HTML 확보; 시행예정·부칙·누락 및 이용조건 대조 필요",official_original_indexed,unreviewed,"Codex 자체 요약·사람 검수 전 초안. 선택 판본: 법률 제21445호(2026-03-10 개정), 2026-09-11 시행. 관련 시행령·고시 및 개별 특별법 대조 필요. 공식 원문 재배포 조건 미확인. 2026-10-08 수집·이용·제공 법본문 원문 재대조·요약 보완; 사람 검수 미착수. 시행령 제14조의2·아동 최소정보 위임규정·제18조제4항 고시는 본문·판본 미확인(공식 조회 실패)."
processing_basis_collection--JP,5,processing_basis_collection,처리근거 — 수집,JP,jp-appi,"[""제20조"",""제21조"",""제61조"",""제62조"",""제64조"",""제58조 제2항"",""제125조 제1항"",""제2조 제1항"",""제16조 제2항"",""제20조 제1항"",""제20조 제2항 제5호"",""제20조 제2항 제6호"",""제20조 제2항 제7호"",""제20조 제2항 제8호"",""제21조 제1항"",""제21조 제2항"",""제21조 제4항 제1호"",""제21조 제4항 제2호"",""제21조 제4항 제3호"",""제21조 제4항 제4호"",""제61조 제1항"",""제61조 제2항"",""제62조 제1항"",""제64조 제1항"",""제57조 제1항 제1호"",""제57조 제1항 제2호"",""제57조 제1항 제3호"",""제57조 제1항 제4호"",""제58조 제2항 제1호"",""제58조 제2항 제2호"",""제171조 제1항""]",민간의 일반 개인정보 취득에는 부정수단 금지와 원칙적으로 취득 후 신속한 목적 통지·공표가 적용된다. 본인에게서 직접 서면으로 취득할 때는 원칙적으로 목적을 미리 명시하며 배려가 필요한 정보는 사전 취득동의가 필요하다. 공공은 소관 사무·업무 수행과 목적 달성에 필요한 범위로 보유를 제한한다. 개인정보·개인데이터 및 민간·공공 적용범위를 구별한다.,취득동의에는 법령·생명보호·공중위생·공무협력·학술연구 등 예외가 있다. 연구기관 자체 연구와 연구기관으로부터의 공동연구 취득은 별도 요건이며 부당침해 우려를 제외한다. 공개정보는 법정 주체 또는 규칙 제6조의 외국정부·연구기관 등 상당자의 공개여야 한다. 정령 제9조는 외형상 명백한 정보의 목시·촬영 취득 및 위탁·승계·공동이용에 따른 배려개인데이터 수령의 예외를 둔다. 목적 사전 공표·통지 면제와 적용특례를 구분하며 하위법령 전체 검수는 미실행이다.,"[""./translations/appi.md#main-a20"",""./translations/appi.md#main-a21"",""./translations/appi.md#main-a61"",""./translations/appi.md#main-a62"",""./translations/appi.md#main-a64"",""./translations/appi.md#main-a58-p2"",""./translations/appi.md#main-a125-p1"",""./translations/appi.md#main-a2-p1"",""./translations/appi.md#main-a16-p2"",""./translations/appi.md#main-a20-p1"",""./translations/appi.md#main-a20-p2-i5"",""./translations/appi.md#main-a20-p2-i6"",""./translations/appi.md#main-a20-p2-i7"",""./translations/appi.md#main-a20-p2-i8"",""./translations/appi.md#main-a21-p1"",""./translations/appi.md#main-a21-p2"",""./translations/appi.md#main-a21-p4-i1"",""./translations/appi.md#main-a21-p4-i2"",""./translations/appi.md#main-a21-p4-i3"",""./translations/appi.md#main-a21-p4-i4"",""./translations/appi.md#main-a61-p1"",""./translations/appi.md#main-a61-p2"",""./translations/appi.md#main-a62-p1"",""./translations/appi.md#main-a64-p1"",""./translations/appi.md#main-a57-p1-i1"",""./translations/appi.md#main-a57-p1-i2"",""./translations/appi.md#main-a57-p1-i3"",""./translations/appi.md#main-a57-p1-i4"",""./translations/appi.md#main-a58-p2-i1"",""./translations/appi.md#main-a58-p2-i2"",""./translations/appi.md#main-a171-p1""]",https://laws.e-gov.go.jp/api/2/law_data/415AC0000000057_20261001_507AC0000000070,415AC0000000057_20261001_507AC0000000070; CurrentEnforced; 본칙·제공 부칙·별표 확보,full_draft,unreviewed,2026-10-08 법본문 및 PPC 통칙 가이드라인 관련 취득·목적·제공 절 재대조. 시행규칙 제6조와 정령 제9조 고정 판본 원문 확인. 나머지 하위규정 전체·기록 보존기간·신고방법·국외 조건·부칙 실제 시행 관계 및 사람 의미 검수는 미완료.
processing_basis_collection--CN,5,processing_basis_collection,처리근거 — 수집,CN,cn-pipl,,미검토,미검토,,https://flk.npc.gov.cn/law-search/search/flfgDetails?bbbs=ff8081817b6472a3017b656cc2040044,NPC DB bbbs ff8081817b6472a3017b656cc2040044; sxx=3(유효); 공포 2021-08-20·시행 2021-11-01 메타데이터 확인; 목차 확보·법문 파일 미확보,not_started,unreviewed,한국·일본 우선 작업 후 재개; 공식 판본·전체 범위·이용조건 확인 및 전문 번역 미완료
processing_basis_collection--EU,5,processing_basis_collection,처리근거 — 수집,EU,eu-gdpr,,미검토,미검토,,https://op.europa.eu/en/publication-detail/-/publication/3e485e15-11bd-11e6-ba9a-01aa75ed71a1/language-en,"EU 출판국 OJ L 119, 4.5.2016 관보 원판 HTML·PDF; 11장·15절·99조·전문 고려사항 173개; 제99조 적용 2018-05-25; 정오표·현행 통합본 검토 필요",not_started,unreviewed,한국·일본 우선 작업 후 재개; 공식 판본·전체 범위·이용조건 확인 및 전문 번역 미완료
processing_basis_collection--GB,5,processing_basis_collection,처리근거 — 수집,GB,gb-uk-gdpr,,미검토,미검토,,https://www.legislation.gov.uk/eur/2016/679/data.xml,"revised XML; RestrictStartDate 2026-09-30; 미반영 개정 5건 존재, 현행성 검토 필요",not_started,unreviewed,한국·일본 우선 작업 후 재개; 공식 판본·전체 범위·이용조건 확인 및 전문 번역 미완료
processing_basis_collection--US-CA,5,processing_basis_collection,처리근거 — 수집,US-CA,us-ca-ccpa,,미검토,미검토,,https://cppa.ca.gov/pdf/20260101_ccpa_statute.pdf,"CPPA PDF 표제 effective 01/01/2026, AB 137·AB 566 update; 주 의회 법전과 후속 개정 대조 필요",not_started,unreviewed,한국·일본 우선 작업 후 재개; 공식 판본·전체 범위·이용조건 확인 및 전문 번역 미완료
processing_basis_collection--SG,5,processing_basis_collection,처리근거 — 수집,SG,sg-pdpa,,미검토,미검토,,https://sso.agc.gov.sg/Act/PDPA2012,SSO Current version as at 06 Oct 2026; 2020 REVISED EDITION 기반; 전체 범위·후속 개정 시행일 검토 필요,not_started,unreviewed,한국·일본 우선 작업 후 재개; 공식 판본·전체 범위·이용조건 확인 및 전문 번역 미완료
processing_basis_use--KR,6,processing_basis_use,처리근거 — 이용,KR,kr-pipa,"[""제3조"",""제15조"",""제18조"",""제19조"",""제21조"",""제22조"",""제23조"",""제24조"",""제24조의2"",""제26조"",""제27조"",""제28조의2"",""제28조의5"",""제58조"",""제15조 제3항"",""제18조 제2항 제5호"",""제18조 제4항"",""제58조 제3항""]","수집근거에 따라 수집 목적 안에서 이용하며, 합리적으로 관련된 추가 이용은 불이익·안전조치와 대통령령 요건을 고려해 동의 없이 가능하다. 목적 밖 이용에는 제18조의 별도 근거가 필요하고 별도동의 시 목적·항목·기간·거부권 등을 알린다. 제공받은 자·수탁자·영업양수자의 이용목적은 각각 제한된다. 공공기관의 법정 사유에 따른 목적 외 이용·제공은 근거·목적·범위를 공고한다.",목적 외 이용은 정보주체 또는 제3자의 이익을 부당하게 침해할 우려가 있으면 허용되지 않는다. 제18조제2항제5호·제6호·제7호·제8호·제9호는 공공기관에 한정되며 제5호는 위원회 심의·의결도 필요하다. 제18조제4항 공고는 제2항제2호·제3호·제5호·제6호·제8호·제9호·제10호에 적용한다. 가명특례·특별정보 제한과 친목단체의 제한된 적용제외를 함께 확인한다. 시행령 제14조의2의 추가 이용 세부조건은 검토 필요하다.,"[""./sources/pipa-index.md#pipa-a3"",""./sources/pipa-index.md#pipa-a15"",""./sources/pipa-index.md#pipa-a18"",""./sources/pipa-index.md#pipa-a19"",""./sources/pipa-index.md#pipa-a21"",""./sources/pipa-index.md#pipa-a22"",""./sources/pipa-index.md#pipa-a23"",""./sources/pipa-index.md#pipa-a24"",""./sources/pipa-index.md#pipa-a24-2"",""./sources/pipa-index.md#pipa-a26"",""./sources/pipa-index.md#pipa-a27"",""./sources/pipa-index.md#pipa-a28-2"",""./sources/pipa-index.md#pipa-a28-5"",""./sources/pipa-index.md#pipa-a58"",""./sources/pipa-index.md#pipa-a15"",""./sources/pipa-index.md#pipa-a18"",""./sources/pipa-index.md#pipa-a18"",""./sources/pipa-index.md#pipa-a58""]",https://www.law.go.kr/LSW//lsInfoP.do?lsiSeq=283839&chrClsCd=010202&urlMode=lsInfoP&efYd=20260911&ancYnChk=0,"국가법령정보센터 lsiSeq 283839; 법률 제21445호, 2026-03-10 일부개정, 2026-09-11 시행; 공식 본문 HTML 확보; 시행예정·부칙·누락 및 이용조건 대조 필요",official_original_indexed,unreviewed,"Codex 자체 요약·사람 검수 전 초안. 선택 판본: 법률 제21445호(2026-03-10 개정), 2026-09-11 시행. 관련 시행령·고시 및 개별 특별법 대조 필요. 공식 원문 재배포 조건 미확인. 2026-10-08 수집·이용·제공 법본문 원문 재대조·요약 보완; 사람 검수 미착수. 시행령 제14조의2·아동 최소정보 위임규정·제18조제4항 고시는 본문·판본 미확인(공식 조회 실패)."
processing_basis_use--JP,6,processing_basis_use,처리근거 — 이용,JP,jp-appi,"[""제17조"",""제18조"",""제19조"",""제22조"",""제61조"",""제63조"",""제65조"",""제69조"",""제41조 제3항"",""부칙 제2조 제1항"",""부칙 (레이와 3년 5월 19일 법률 제37호) [발췌] 제7조 제1항"",""부칙 (레이와 3년 5월 19일 법률 제37호) [발췌] 제7조 제10항"",""부칙 (레이와 3년 5월 19일 법률 제37호) [발췌] 제9조 제1항"",""부칙 (레이와 3년 5월 19일 법률 제37호) [발췌] 제9조 제10항"",""제2조 제1항"",""제16조 제2항"",""제17조 제1항"",""제17조 제2항"",""제18조 제1항"",""제18조 제2항"",""제18조 제3항 제5호"",""제18조 제3항 제6호"",""제19조 제1항"",""제22조 제1항"",""제41조 제9항"",""제61조 제3항"",""제63조 제1항"",""제65조 제1항"",""제69조 제1항"",""제69조 제2항"",""제69조 제2항 제1호"",""제69조 제2항 제2호"",""제69조 제2항 제3호"",""제69조 제2항 제4호"",""제69조 제3항"",""제57조 제1항 제1호"",""제57조 제1항 제2호"",""제57조 제1항 제3호"",""제57조 제1항 제4호"",""제58조 제2항 제1호"",""제58조 제2항 제2호"",""제125조 제1항"",""제171조 제1항""]",민간은 특정 목적에 필요한 범위를 넘는 취급에 원칙적으로 사전동의를 요구하며 사업승계에도 목적 제한을 둔다. 목적 변경에는 민간·공공 각각의 관련성 기준이 있다. 공공의 목적 외 이용·제공은 원칙적으로 제한되고 부정한 이용은 금지된다. 가명정보는 목적변경 제한의 적용제외와 목적 외 취급 제한을 구별한다. 기존 동의의 경과 인정에는 법정 동의와의 상당성 및 시행일 요건이 있다.,"민간의 법령·생명보호·공중위생·공무협력 및 학술연구 예외는 개별 요건을 충족해야 한다. 연구 예외는 부당한 권리침해 우려를 제외한다. 공공은 법령 근거·본인동의·상당한 이유가 있는 내부·기관 간 이용 등을 구분한다. 통계·학술연구, 명백한 본인 이익 또는 특별한 이유의 예외는 제공에 관한 것이며 부당침해 배제와 다른 법령 제한을 유지한다. 가명정보는 본인동의만으로 목적 외 취급할 수 없다.","[""./translations/appi.md#main-a17"",""./translations/appi.md#main-a18"",""./translations/appi.md#main-a19"",""./translations/appi.md#main-a22"",""./translations/appi.md#main-a61"",""./translations/appi.md#main-a63"",""./translations/appi.md#main-a65"",""./translations/appi.md#main-a69"",""./translations/appi.md#main-a41-p3"",""./translations/appi.md#suppl1-a2-p1"",""./translations/appi.md#suppl11-a7-p1"",""./translations/appi.md#suppl11-a7-p10"",""./translations/appi.md#suppl11-a9-p1"",""./translations/appi.md#suppl11-a9-p10"",""./translations/appi.md#main-a2-p1"",""./translations/appi.md#main-a16-p2"",""./translations/appi.md#main-a17-p1"",""./translations/appi.md#main-a17-p2"",""./translations/appi.md#main-a18-p1"",""./translations/appi.md#main-a18-p2"",""./translations/appi.md#main-a18-p3-i5"",""./translations/appi.md#main-a18-p3-i6"",""./translations/appi.md#main-a19-p1"",""./translations/appi.md#main-a22-p1"",""./translations/appi.md#main-a41-p9"",""./translations/appi.md#main-a61-p3"",""./translations/appi.md#main-a63-p1"",""./translations/appi.md#main-a65-p1"",""./translations/appi.md#main-a69-p1"",""./translations/appi.md#main-a69-p2"",""./translations/appi.md#main-a69-p2-i1"",""./translations/appi.md#main-a69-p2-i2"",""./translations/appi.md#main-a69-p2-i3"",""./translations/appi.md#main-a69-p2-i4"",""./translations/appi.md#main-a69-p3"",""./translations/appi.md#main-a57-p1-i1"",""./translations/appi.md#main-a57-p1-i2"",""./translations/appi.md#main-a57-p1-i3"",""./translations/appi.md#main-a57-p1-i4"",""./translations/appi.md#main-a58-p2-i1"",""./translations/appi.md#main-a58-p2-i2"",""./translations/appi.md#main-a125-p1"",""./translations/appi.md#main-a171-p1""]",https://laws.e-gov.go.jp/api/2/law_data/415AC0000000057_20261001_507AC0000000070,415AC0000000057_20261001_507AC0000000070; CurrentEnforced; 본칙·제공 부칙·별표 확보,full_draft,unreviewed,2026-10-08 법본문 및 PPC 통칙 가이드라인 관련 취득·목적·제공 절 재대조. 시행규칙 제6조와 정령 제9조 고정 판본 원문 확인. 나머지 하위규정 전체·기록 보존기간·신고방법·국외 조건·부칙 실제 시행 관계 및 사람 의미 검수는 미완료.
processing_basis_use--CN,6,processing_basis_use,처리근거 — 이용,CN,cn-pipl,,미검토,미검토,,https://flk.npc.gov.cn/law-search/search/flfgDetails?bbbs=ff8081817b6472a3017b656cc2040044,NPC DB bbbs ff8081817b6472a3017b656cc2040044; sxx=3(유효); 공포 2021-08-20·시행 2021-11-01 메타데이터 확인; 목차 확보·법문 파일 미확보,not_started,unreviewed,한국·일본 우선 작업 후 재개; 공식 판본·전체 범위·이용조건 확인 및 전문 번역 미완료
processing_basis_use--EU,6,processing_basis_use,처리근거 — 이용,EU,eu-gdpr,,미검토,미검토,,https://op.europa.eu/en/publication-detail/-/publication/3e485e15-11bd-11e6-ba9a-01aa75ed71a1/language-en,"EU 출판국 OJ L 119, 4.5.2016 관보 원판 HTML·PDF; 11장·15절·99조·전문 고려사항 173개; 제99조 적용 2018-05-25; 정오표·현행 통합본 검토 필요",not_started,unreviewed,한국·일본 우선 작업 후 재개; 공식 판본·전체 범위·이용조건 확인 및 전문 번역 미완료
processing_basis_use--GB,6,processing_basis_use,처리근거 — 이용,GB,gb-uk-gdpr,,미검토,미검토,,https://www.legislation.gov.uk/eur/2016/679/data.xml,"revised XML; RestrictStartDate 2026-09-30; 미반영 개정 5건 존재, 현행성 검토 필요",not_started,unreviewed,한국·일본 우선 작업 후 재개; 공식 판본·전체 범위·이용조건 확인 및 전문 번역 미완료
processing_basis_use--US-CA,6,processing_basis_use,처리근거 — 이용,US-CA,us-ca-ccpa,,미검토,미검토,,https://cppa.ca.gov/pdf/20260101_ccpa_statute.pdf,"CPPA PDF 표제 effective 01/01/2026, AB 137·AB 566 update; 주 의회 법전과 후속 개정 대조 필요",not_started,unreviewed,한국·일본 우선 작업 후 재개; 공식 판본·전체 범위·이용조건 확인 및 전문 번역 미완료
processing_basis_use--SG,6,processing_basis_use,처리근거 — 이용,SG,sg-pdpa,,미검토,미검토,,https://sso.agc.gov.sg/Act/PDPA2012,SSO Current version as at 06 Oct 2026; 2020 REVISED EDITION 기반; 전체 범위·후속 개정 시행일 검토 필요,not_started,unreviewed,한국·일본 우선 작업 후 재개; 공식 판본·전체 범위·이용조건 확인 및 전문 번역 미완료
third_party_provision--KR,7,third_party_provision,제공,KR,kr-pipa,"[""제17조"",""제18조"",""제19조"",""제20조의2"",""제22조"",""제23조"",""제24조"",""제26조"",""제27조"",""제28조의2"",""제28조의3"",""제28조의8"",""제35조의2"",""제58조"",""제15조 제1항 제2호"",""제15조 제1항 제3호"",""제15조 제1항 제5호"",""제15조 제1항 제6호"",""제15조 제1항 제7호"",""제18조 제4항"",""제18조 제5항"",""제24조의2"",""제58조 제2항"",""제58조 제3항""]","제3자 제공·공유는 정보주체 동의를 받거나, 제15조제1항제2호·제3호·제5호·제6호·제7호로 수집한 정보를 그 수집 목적 안에서 제공하는 경우 가능하다. 동의 시 수령자·목적·항목·기간·거부권을 알린다. 합리적으로 관련된 추가 제공은 대통령령 조건을 따른다. 목적 외 제공에는 별도 근거와 수령자 제한 또는 안전조치 요청이 필요하며 안전조치를 요청받은 수령자는 필요한 조치를 해야 한다. 영업이전·가명제공·전송·국외이전은 별도 규정도 확인한다.",계약이행은 제17조제1항제2호의 무동의 제공근거로 열거되지 않았다. 목적 외 제공은 이익을 부당하게 침해할 우려가 있으면 제한되고 제18조제2항제5호·제6호·제7호·제8호·제9호는 공공기관에 한정된다. 공공기관은 해당 법정 사유의 목적 외 제공을 공고한다. 가명정보 제공에는 식별에 쓰일 정보를 포함할 수 없다. 친목단체·고정형 영상의 제15조 제외가 제17조·제18조까지 면제하지 않으며 주민번호의 특별 제한도 따른다. 추가 제공 시행령 세부조건은 미확인이다.,"[""./sources/pipa-index.md#pipa-a17"",""./sources/pipa-index.md#pipa-a18"",""./sources/pipa-index.md#pipa-a19"",""./sources/pipa-index.md#pipa-a20-2"",""./sources/pipa-index.md#pipa-a22"",""./sources/pipa-index.md#pipa-a23"",""./sources/pipa-index.md#pipa-a24"",""./sources/pipa-index.md#pipa-a26"",""./sources/pipa-index.md#pipa-a27"",""./sources/pipa-index.md#pipa-a28-2"",""./sources/pipa-index.md#pipa-a28-3"",""./sources/pipa-index.md#pipa-a28-8"",""./sources/pipa-index.md#pipa-a35-2"",""./sources/pipa-index.md#pipa-a58"",""./sources/pipa-index.md#pipa-a15"",""./sources/pipa-index.md#pipa-a15"",""./sources/pipa-index.md#pipa-a15"",""./sources/pipa-index.md#pipa-a15"",""./sources/pipa-index.md#pipa-a15"",""./sources/pipa-index.md#pipa-a18"",""./sources/pipa-index.md#pipa-a18"",""./sources/pipa-index.md#pipa-a24-2"",""./sources/pipa-index.md#pipa-a58"",""./sources/pipa-index.md#pipa-a58""]",https://www.law.go.kr/LSW//lsInfoP.do?lsiSeq=283839&chrClsCd=010202&urlMode=lsInfoP&efYd=20260911&ancYnChk=0,"국가법령정보센터 lsiSeq 283839; 법률 제21445호, 2026-03-10 일부개정, 2026-09-11 시행; 공식 본문 HTML 확보; 시행예정·부칙·누락 및 이용조건 대조 필요",official_original_indexed,unreviewed,"Codex 자체 요약·사람 검수 전 초안. 선택 판본: 법률 제21445호(2026-03-10 개정), 2026-09-11 시행. 관련 시행령·고시 및 개별 특별법 대조 필요. 공식 원문 재배포 조건 미확인. 2026-10-08 수집·이용·제공 법본문 원문 재대조·요약 보완; 사람 검수 미착수. 시행령 제14조의2·아동 최소정보 위임규정·제18조제4항 고시는 본문·판본 미확인(공식 조회 실패)."
third_party_provision--JP,7,third_party_provision,제공,JP,jp-appi,"[""제27조"",""제29조"",""제30조"",""제31조"",""제69조"",""제70조"",""제72조"",""제41조 제6항"",""제42조 제1항"",""제57조 제1항"",""부칙 (헤이세이 27년 9월 9일 법률 제65호) [발췌] 제2조 제1항"",""부칙 (레이와 2년 6월 12일 법률 제44호) [발췌] 제2조 제1항"",""부칙 (레이와 3년 5월 19일 법률 제37호) [발췌] 제7조 제3항"",""부칙 (레이와 3년 5월 19일 법률 제37호) [발췌] 제9조 제3항"",""제2조 제7항"",""제16조 제2항"",""제16조 제3항"",""제20조 제1항"",""제27조 제1항 제5호"",""제27조 제1항 제6호"",""제27조 제1항 제7호"",""제27조 제2항"",""제27조 제5항 제1호"",""제27조 제5항 제2호"",""제27조 제5항 제3호"",""제27조 제6항"",""제28조 제1항"",""제29조 제1항"",""제29조 제2항"",""제30조 제1항"",""제30조 제3항"",""제30조 제4항"",""제31조 제1항 제1호"",""제31조 제1항 제2호"",""제31조 제2항"",""제31조 제3항"",""제42조 제2항"",""제58조 제2항 제1호"",""제58조 제2항 제2호"",""제69조 제1항"",""제69조 제2항"",""제69조 제2항 제4호"",""제70조 제1항"",""제71조 제1항"",""제72조 제1항"",""제125조 제1항"",""제171조 제1항"",""부칙 제3조 제1항"",""부칙 (레이와 3년 5월 19일 법률 제37호) [발췌] 제7조 제2항"",""부칙 (레이와 3년 5월 19일 법률 제37호) [발췌] 제9조 제2항""]",민간 개인데이터의 제3자 제공은 원칙적으로 사전동의가 필요하다. 제공정지 방식은 본인에 대한 사전 통지 또는 쉽게 알 수 있는 상태와 위원회 신고 등 요건을 함께 요구한다. 제공·수령 기록과 취득경위 확인에는 법정 적용 범위와 면제가 있다. 개인관련정보는 수령자의 개인데이터 취득이 예상될 때 동의 등의 확인을 요구한다. 공공 제공과 국외제공은 각각의 제한·예외로 구분하며 기존 동의 간주 부칙도 확인한다.,"법정 제공 예외와 위탁·승계·공동이용의 제3자 비해당을 구별한다. 제공정지 방식은 배려정보·제20조 제1항 위반취득·같은 방식으로 받은 정보와 그 복제·가공물을 제외한다. 연구성과 공표·가르침의 불가피한 제공, 공동연구 제공, 연구기관 수령은 각각 요건이 있고 부당침해 우려를 제외한다. 가명정보는 법령 근거 외 제공금지와 위탁·승계·공동이용 준용을 함께 읽는다. 공공의 통계·연구 제공 및 국외제공에는 별도 조건이 있다.","[""./translations/appi.md#main-a27"",""./translations/appi.md#main-a29"",""./translations/appi.md#main-a30"",""./translations/appi.md#main-a31"",""./translations/appi.md#main-a69"",""./translations/appi.md#main-a70"",""./translations/appi.md#main-a72"",""./translations/appi.md#main-a41-p6"",""./translations/appi.md#main-a42-p1"",""./translations/appi.md#main-a57-p1"",""./translations/appi.md#suppl5-a2-p1"",""./translations/appi.md#suppl10-a2-p1"",""./translations/appi.md#suppl11-a7-p3"",""./translations/appi.md#suppl11-a9-p3"",""./translations/appi.md#main-a2-p7"",""./translations/appi.md#main-a16-p2"",""./translations/appi.md#main-a16-p3"",""./translations/appi.md#main-a20-p1"",""./translations/appi.md#main-a27-p1-i5"",""./translations/appi.md#main-a27-p1-i6"",""./translations/appi.md#main-a27-p1-i7"",""./translations/appi.md#main-a27-p2"",""./translations/appi.md#main-a27-p5-i1"",""./translations/appi.md#main-a27-p5-i2"",""./translations/appi.md#main-a27-p5-i3"",""./translations/appi.md#main-a27-p6"",""./translations/appi.md#main-a28-p1"",""./translations/appi.md#main-a29-p1"",""./translations/appi.md#main-a29-p2"",""./translations/appi.md#main-a30-p1"",""./translations/appi.md#main-a30-p3"",""./translations/appi.md#main-a30-p4"",""./translations/appi.md#main-a31-p1-i1"",""./translations/appi.md#main-a31-p1-i2"",""./translations/appi.md#main-a31-p2"",""./translations/appi.md#main-a31-p3"",""./translations/appi.md#main-a42-p2"",""./translations/appi.md#main-a58-p2-i1"",""./translations/appi.md#main-a58-p2-i2"",""./translations/appi.md#main-a69-p1"",""./translations/appi.md#main-a69-p2"",""./translations/appi.md#main-a69-p2-i4"",""./translations/appi.md#main-a70-p1"",""./translations/appi.md#main-a71-p1"",""./translations/appi.md#main-a72-p1"",""./translations/appi.md#main-a125-p1"",""./translations/appi.md#main-a171-p1"",""./translations/appi.md#suppl1-a3-p1"",""./translations/appi.md#suppl11-a7-p2"",""./translations/appi.md#suppl11-a9-p2""]",https://laws.e-gov.go.jp/api/2/law_data/415AC0000000057_20261001_507AC0000000070,415AC0000000057_20261001_507AC0000000070; CurrentEnforced; 본칙·제공 부칙·별표 확보,full_draft,unreviewed,2026-10-08 법본문 및 PPC 통칙 가이드라인 관련 취득·목적·제공 절 재대조. 시행규칙 제6조와 정령 제9조 고정 판본 원문 확인. 나머지 하위규정 전체·기록 보존기간·신고방법·국외 조건·부칙 실제 시행 관계 및 사람 의미 검수는 미완료.
third_party_provision--CN,7,third_party_provision,제공,CN,cn-pipl,,미검토,미검토,,https://flk.npc.gov.cn/law-search/search/flfgDetails?bbbs=ff8081817b6472a3017b656cc2040044,NPC DB bbbs ff8081817b6472a3017b656cc2040044; sxx=3(유효); 공포 2021-08-20·시행 2021-11-01 메타데이터 확인; 목차 확보·법문 파일 미확보,not_started,unreviewed,한국·일본 우선 작업 후 재개; 공식 판본·전체 범위·이용조건 확인 및 전문 번역 미완료
third_party_provision--EU,7,third_party_provision,제공,EU,eu-gdpr,,미검토,미검토,,https://op.europa.eu/en/publication-detail/-/publication/3e485e15-11bd-11e6-ba9a-01aa75ed71a1/language-en,"EU 출판국 OJ L 119, 4.5.2016 관보 원판 HTML·PDF; 11장·15절·99조·전문 고려사항 173개; 제99조 적용 2018-05-25; 정오표·현행 통합본 검토 필요",not_started,unreviewed,한국·일본 우선 작업 후 재개; 공식 판본·전체 범위·이용조건 확인 및 전문 번역 미완료
third_party_provision--GB,7,third_party_provision,제공,GB,gb-uk-gdpr,,미검토,미검토,,https://www.legislation.gov.uk/eur/2016/679/data.xml,"revised XML; RestrictStartDate 2026-09-30; 미반영 개정 5건 존재, 현행성 검토 필요",not_started,unreviewed,한국·일본 우선 작업 후 재개; 공식 판본·전체 범위·이용조건 확인 및 전문 번역 미완료
third_party_provision--US-CA,7,third_party_provision,제공,US-CA,us-ca-ccpa,,미검토,미검토,,https://cppa.ca.gov/pdf/20260101_ccpa_statute.pdf,"CPPA PDF 표제 effective 01/01/2026, AB 137·AB 566 update; 주 의회 법전과 후속 개정 대조 필요",not_started,unreviewed,한국·일본 우선 작업 후 재개; 공식 판본·전체 범위·이용조건 확인 및 전문 번역 미완료
third_party_provision--SG,7,third_party_provision,제공,SG,sg-pdpa,,미검토,미검토,,https://sso.agc.gov.sg/Act/PDPA2012,SSO Current version as at 06 Oct 2026; 2020 REVISED EDITION 기반; 전체 범위·후속 개정 시행일 검토 필요,not_started,unreviewed,한국·일본 우선 작업 후 재개; 공식 판본·전체 범위·이용조건 확인 및 전문 번역 미완료
sensitive_information--KR,8,sensitive_information,특별한 보호가 필요한 정보,KR,kr-pipa,"[""제23조"",""제24조"",""제24조의2"",""제29조""]","민감정보에는 사상·신념, 노동조합·정당 활동, 정치적 견해, 건강·성생활 등과 대통령령상 추가 범주가 해당한다. 일반정보와 분리된 동의 또는 법령상 허용·요구가 있어야 처리한다. 고유식별정보도 별도 요건과 암호화 등 안전조치가 필요하다. 주민번호는 더욱 좁은 근거로 제한하고 비주민번호 인터넷 가입수단도 제공한다.","주민번호는 동의만으로 처리할 수 없고 구체적 법규 근거, 명백한 급박한 이익 또는 위원회 고시상 불가피한 경우여야 한다. 민감정보가 서비스 중 공개될 위험이 있으면 공개 가능성과 비공개 선택방법을 사전에 안내한다. 추가 민감정보·식별정보 종류와 암호화 적용 세부범위는 시행령·고시 대조가 필요하다.","[""./sources/pipa-index.md#pipa-a23"",""./sources/pipa-index.md#pipa-a24"",""./sources/pipa-index.md#pipa-a24-2"",""./sources/pipa-index.md#pipa-a29""]",https://www.law.go.kr/LSW//lsInfoP.do?lsiSeq=283839&chrClsCd=010202&urlMode=lsInfoP&efYd=20260911&ancYnChk=0,"국가법령정보센터 lsiSeq 283839; 법률 제21445호, 2026-03-10 일부개정, 2026-09-11 시행; 공식 본문 HTML 확보; 시행예정·부칙·누락 및 이용조건 대조 필요",official_original_indexed,unreviewed,"Codex 자체 요약·사람 검수 전 초안. 선택 판본: 법률 제21445호(2026-03-10 개정), 2026-09-11 시행. 관련 시행령·고시 및 개별 특별법 대조 필요. 공식 원문 재배포 조건 미확인."
sensitive_information--JP,8,sensitive_information,특별한 보호가 필요한 정보,JP,jp-appi,"[""제2조 제3항"",""제20조 제2항"",""제27조 제2항"",""제60조 제5항"",""제61조"",""제66조"",""제68조 제2항"",""제74조 제1항 제6호"",""제75조 제4항""]","배려가 필요한 개인정보는 인종·신조·사회적 신분·병력·범죄경력·범죄피해사실 외에 정령상 심신장애, 건강검진 등 검사 결과, 의료지도·진료·조제 사실, 형사·소년보호사건 절차 사실을 포함한다. 민간은 취득 전 동의가 원칙이며 제공정지 방식(옵트아웃)의 제3자 제공 대상에서 제외된다. 지방공공단체 및 지방독립행정법인은 법정 범주 외의 조례상 배려정보를 정할 수 있으며 해당 개인정보파일부에 포함 사실을 기재한다.",취득동의에는 법령·생명보호·공중위생·공무협력·학술연구·정해진 주체의 공개정보 예외가 있다. 학술연구 예외는 권리이익의 부당침해 우려가 없어야 하며 제20조 제2항 제6호는 공동연구로 한정된다. 시행령 제9조는 본인을 눈으로 보거나 촬영하여 외관상 명백한 배려정보를 취득하는 경우와 제27조 제5항의 위탁·사업승계·공동이용 등에 따라 제공받는 경우를 추가한다. 공개 주체에는 시행규칙상 외국 정부·국제기구와 외국의 대응 학술·보도 등 주체도 포함된다. 공공의 수집·보유에 민간의 취득동의 규정을 동일 적용하지 않는다.,"[""./translations/appi.md#main-a2-p3"",""./translations/appi.md#main-a20-p2"",""./translations/appi.md#main-a27-p2"",""./translations/appi.md#main-a60-p5"",""./translations/appi.md#main-a61"",""./translations/appi.md#main-a66"",""./translations/appi.md#main-a68-p2"",""./translations/appi.md#main-a74-p1-i6"",""./translations/appi.md#main-a75-p4""]",https://laws.e-gov.go.jp/api/2/law_data/415AC0000000057_20261001_507AC0000000070,415AC0000000057_20261001_507AC0000000070; CurrentEnforced; 본칙·제공 부칙·별표 확보,full_draft,unreviewed,"사람 의미·법률 검수 전 공식원문 대조 초안. APPI 선택 시행판본, 시행령(2026-07-31), 시행규칙(2026-06-14) 및 PPC 통칙의 해당 범위를 직접 대조함. 한국법 개념과의 동일성·개별 사안 및 집행실무는 미검토. 심신장애 범주의 인용 개별법·정령, 개별 조례 및 학술연구 예외의 구체적 해석은 별도 검토가 필요함. 한국의 민감정보 범주와 동일시하지 않음. 상세 근거·검수 질문: japan-pre-review.md#criterion-8."
sensitive_information--CN,8,sensitive_information,특별한 보호가 필요한 정보,CN,cn-pipl,,미검토,미검토,,https://flk.npc.gov.cn/law-search/search/flfgDetails?bbbs=ff8081817b6472a3017b656cc2040044,NPC DB bbbs ff8081817b6472a3017b656cc2040044; sxx=3(유효); 공포 2021-08-20·시행 2021-11-01 메타데이터 확인; 목차 확보·법문 파일 미확보,not_started,unreviewed,한국·일본 우선 작업 후 재개; 공식 판본·전체 범위·이용조건 확인 및 전문 번역 미완료
sensitive_information--EU,8,sensitive_information,특별한 보호가 필요한 정보,EU,eu-gdpr,,미검토,미검토,,https://op.europa.eu/en/publication-detail/-/publication/3e485e15-11bd-11e6-ba9a-01aa75ed71a1/language-en,"EU 출판국 OJ L 119, 4.5.2016 관보 원판 HTML·PDF; 11장·15절·99조·전문 고려사항 173개; 제99조 적용 2018-05-25; 정오표·현행 통합본 검토 필요",not_started,unreviewed,한국·일본 우선 작업 후 재개; 공식 판본·전체 범위·이용조건 확인 및 전문 번역 미완료
sensitive_information--GB,8,sensitive_information,특별한 보호가 필요한 정보,GB,gb-uk-gdpr,,미검토,미검토,,https://www.legislation.gov.uk/eur/2016/679/data.xml,"revised XML; RestrictStartDate 2026-09-30; 미반영 개정 5건 존재, 현행성 검토 필요",not_started,unreviewed,한국·일본 우선 작업 후 재개; 공식 판본·전체 범위·이용조건 확인 및 전문 번역 미완료
sensitive_information--US-CA,8,sensitive_information,특별한 보호가 필요한 정보,US-CA,us-ca-ccpa,,미검토,미검토,,https://cppa.ca.gov/pdf/20260101_ccpa_statute.pdf,"CPPA PDF 표제 effective 01/01/2026, AB 137·AB 566 update; 주 의회 법전과 후속 개정 대조 필요",not_started,unreviewed,한국·일본 우선 작업 후 재개; 공식 판본·전체 범위·이용조건 확인 및 전문 번역 미완료
sensitive_information--SG,8,sensitive_information,특별한 보호가 필요한 정보,SG,sg-pdpa,,미검토,미검토,,https://sso.agc.gov.sg/Act/PDPA2012,SSO Current version as at 06 Oct 2026; 2020 REVISED EDITION 기반; 전체 범위·후속 개정 시행일 검토 필요,not_started,unreviewed,한국·일본 우선 작업 후 재개; 공식 판본·전체 범위·이용조건 확인 및 전문 번역 미완료
pseudonymous_anonymous_information--KR,9,pseudonymous_anonymous_information,가명·익명정보,KR,kr-pipa,"[""제2조"",""제3조"",""제21조"",""제28조의2"",""제28조의3"",""제28조의4"",""제28조의5"",""제28조의7"",""제30조"",""제58조의2""]",가명정보는 추가정보 없이는 개인을 식별할 수 없도록 처리한 개인정보이다. 통계·과학적 연구·공익적 기록보존 등에는 동의 없이 처리할 수 있고 서로 다른 처리자의 결합은 지정 전문기관이 수행한다. 추가정보 분리·안전조치·처리기록 보관과 재식별 목적 처리 금지를 요구한다. 합리적 수단으로 재식별할 수 없는 익명정보는 법 적용을 제외한다.,"결합한 정보의 외부 반출에는 가명·익명 처리와 전문기관장 승인이 필요하다. 개인 식별정보가 생성되면 즉시 처리 중지와 회수·파기한다. 특례 처리 가명정보에는 출처·이용제공 통지, 영업이전, 유출 통지 제34조제1항·제2항, 열람·전송·정정삭제·정지 규정이 제외되지만 유출 신고까지 면제된다고 볼 수 없다.","[""./sources/pipa-index.md#pipa-a2"",""./sources/pipa-index.md#pipa-a3"",""./sources/pipa-index.md#pipa-a21"",""./sources/pipa-index.md#pipa-a28-2"",""./sources/pipa-index.md#pipa-a28-3"",""./sources/pipa-index.md#pipa-a28-4"",""./sources/pipa-index.md#pipa-a28-5"",""./sources/pipa-index.md#pipa-a28-7"",""./sources/pipa-index.md#pipa-a30"",""./sources/pipa-index.md#pipa-a58-2""]",https://www.law.go.kr/LSW//lsInfoP.do?lsiSeq=283839&chrClsCd=010202&urlMode=lsInfoP&efYd=20260911&ancYnChk=0,"국가법령정보센터 lsiSeq 283839; 법률 제21445호, 2026-03-10 일부개정, 2026-09-11 시행; 공식 본문 HTML 확보; 시행예정·부칙·누락 및 이용조건 대조 필요",official_original_indexed,unreviewed,"Codex 자체 요약·사람 검수 전 초안. 선택 판본: 법률 제21445호(2026-03-10 개정), 2026-09-11 시행. 관련 시행령·고시 및 개별 특별법 대조 필요. 공식 원문 재배포 조건 미확인. 법률21445 개정으로 제28조의7의 제34조 적용제외 항 번호가 제1항·제2항으로 바뀐 점 확인. 익명성과 가명성은 개별 기술·맥락 검토 필요."
pseudonymous_anonymous_information--JP,9,pseudonymous_anonymous_information,가명·익명정보,JP,jp-appi,"[""제2조 제5항"",""제2조 제6항"",""제41조"",""제42조"",""제43조"",""제44조"",""제45조"",""제46조"",""제73조"",""제109조"",""제116조"",""제121조"",""제123조"",""제60조 제3항""]","가명가공정보는 다른 정보와 대조하지 않으면 식별할 수 없도록 가공한 정보이고, 익명가공정보는 특정 개인의 식별과 원래 개인정보의 복원이 불가능하도록 가공한 정보이다. 가명은 개인정보인 경우와 아닌 경우에 제41조·제42조의 적용이 나뉜다. 규칙은 식별 기술·개인식별부호 삭제 외에 가명은 재산피해 위험 정보 삭제, 익명은 연결부호·특이한 기술 삭제와 데이터베이스 특성을 고려한 추가조치를 정한다. 공공 제73조는 개인정보가 아닌 가명가공정보를 대상으로 하고 행정기관등익명가공정보는 별도 제공·관리체계를 따른다.","가명은 본인 동의만으로 제3자 제공이 허용되지 않으며 법령 근거 외 제공을 금지하되 위탁·사업승계·공동이용의 제3자 비해당 규정은 적용·준용한다. 제41조 제9항은 제17조 제2항, 제26조 및 제32~39조를 적용하지 않는다. 익명은 작성·제공 시 항목 및 제공방법 공표와 익명정보임의 명시, 식별 목적 대조 등의 금지가 있고, 민간 익명정보 자체의 자율조치·공표는 노력의무이다. 공공 제73조의 제공금지는 수탁자를 제외하며 식별·연락 금지에는 법령 예외가 있다. 단순한 성명 삭제만으로 법정 가공정보가 되는 것은 아니다.","[""./translations/appi.md#main-a2-p5"",""./translations/appi.md#main-a2-p6"",""./translations/appi.md#main-a41"",""./translations/appi.md#main-a42"",""./translations/appi.md#main-a43"",""./translations/appi.md#main-a44"",""./translations/appi.md#main-a45"",""./translations/appi.md#main-a46"",""./translations/appi.md#main-a73"",""./translations/appi.md#main-a109"",""./translations/appi.md#main-a116"",""./translations/appi.md#main-a121"",""./translations/appi.md#main-a123"",""./translations/appi.md#main-a60-p3""]",https://laws.e-gov.go.jp/api/2/law_data/415AC0000000057_20261001_507AC0000000070,415AC0000000057_20261001_507AC0000000070; CurrentEnforced; 본칙·제공 부칙·별표 확보,full_draft,unreviewed,"사람 의미·법률 검수 전 공식원문 대조 초안. APPI 선택 시행판본, 시행령(2026-07-31), 시행규칙(2026-06-14) 및 PPC 통칙의 해당 범위를 직접 대조함. 한국법 개념과의 동일성·개별 사안 및 집행실무는 미검토. 가명·익명가공정보 전용 PPC 지침, 공공부문 지침 및 가공 적정성의 개별 판단은 미대조. 한국법의 가명·익명 개념과 일치시키지 않음. 상세 근거·검수 질문: japan-pre-review.md#criterion-9."
pseudonymous_anonymous_information--CN,9,pseudonymous_anonymous_information,가명·익명정보,CN,cn-pipl,,미검토,미검토,,https://flk.npc.gov.cn/law-search/search/flfgDetails?bbbs=ff8081817b6472a3017b656cc2040044,NPC DB bbbs ff8081817b6472a3017b656cc2040044; sxx=3(유효); 공포 2021-08-20·시행 2021-11-01 메타데이터 확인; 목차 확보·법문 파일 미확보,not_started,unreviewed,한국·일본 우선 작업 후 재개; 공식 판본·전체 범위·이용조건 확인 및 전문 번역 미완료
pseudonymous_anonymous_information--EU,9,pseudonymous_anonymous_information,가명·익명정보,EU,eu-gdpr,,미검토,미검토,,https://op.europa.eu/en/publication-detail/-/publication/3e485e15-11bd-11e6-ba9a-01aa75ed71a1/language-en,"EU 출판국 OJ L 119, 4.5.2016 관보 원판 HTML·PDF; 11장·15절·99조·전문 고려사항 173개; 제99조 적용 2018-05-25; 정오표·현행 통합본 검토 필요",not_started,unreviewed,한국·일본 우선 작업 후 재개; 공식 판본·전체 범위·이용조건 확인 및 전문 번역 미완료
pseudonymous_anonymous_information--GB,9,pseudonymous_anonymous_information,가명·익명정보,GB,gb-uk-gdpr,,미검토,미검토,,https://www.legislation.gov.uk/eur/2016/679/data.xml,"revised XML; RestrictStartDate 2026-09-30; 미반영 개정 5건 존재, 현행성 검토 필요",not_started,unreviewed,한국·일본 우선 작업 후 재개; 공식 판본·전체 범위·이용조건 확인 및 전문 번역 미완료
pseudonymous_anonymous_information--US-CA,9,pseudonymous_anonymous_information,가명·익명정보,US-CA,us-ca-ccpa,,미검토,미검토,,https://cppa.ca.gov/pdf/20260101_ccpa_statute.pdf,"CPPA PDF 표제 effective 01/01/2026, AB 137·AB 566 update; 주 의회 법전과 후속 개정 대조 필요",not_started,unreviewed,한국·일본 우선 작업 후 재개; 공식 판본·전체 범위·이용조건 확인 및 전문 번역 미완료
pseudonymous_anonymous_information--SG,9,pseudonymous_anonymous_information,가명·익명정보,SG,sg-pdpa,,미검토,미검토,,https://sso.agc.gov.sg/Act/PDPA2012,SSO Current version as at 06 Oct 2026; 2020 REVISED EDITION 기반; 전체 범위·후속 개정 시행일 검토 필요,not_started,unreviewed,한국·일본 우선 작업 후 재개; 공식 판본·전체 범위·이용조건 확인 및 전문 번역 미완료
children_information--KR,10,children_information,아동 개인정보,KR,kr-pipa,"[""제5조"",""제22조"",""제22조의2"",""제38조"",""제58조"",""제64조의2""]",만 14세 미만 아동의 개인정보 처리에 법상 동의가 필요한 때에는 법정대리인의 동의를 받고 동의 여부를 확인한다. 아동에게 처리사항을 알릴 때에는 쉽게 이해할 수 있는 형식과 언어를 사용한다. 법정대리인은 아동을 대신하여 열람·전송·정정삭제·처리정지 등 요구를 할 수 있다. 국가·지방자치단체도 아동 보호 시책을 마련한다.,법정대리인 동의는 모든 아동정보 처리에 일률적으로 필요한 것이 아니라 법상 동의가 요구될 때 적용된다. 대리인 동의를 받기 위한 시행령상 최소정보는 아동에게서 동의 없이 직접 수집할 수 있다. 제58조제2항의 고정형 영상에는 제22조의2가 제외된다. 14세 이상에 동일한 대리인 동의 의무가 있다고 추정하지 않는다.,"[""./sources/pipa-index.md#pipa-a5"",""./sources/pipa-index.md#pipa-a22"",""./sources/pipa-index.md#pipa-a22-2"",""./sources/pipa-index.md#pipa-a38"",""./sources/pipa-index.md#pipa-a58"",""./sources/pipa-index.md#pipa-a64-2""]",https://www.law.go.kr/LSW//lsInfoP.do?lsiSeq=283839&chrClsCd=010202&urlMode=lsInfoP&efYd=20260911&ancYnChk=0,"국가법령정보센터 lsiSeq 283839; 법률 제21445호, 2026-03-10 일부개정, 2026-09-11 시행; 공식 본문 HTML 확보; 시행예정·부칙·누락 및 이용조건 대조 필요",official_original_indexed,unreviewed,"Codex 자체 요약·사람 검수 전 초안. 선택 판본: 법률 제21445호(2026-03-10 개정), 2026-09-11 시행. 관련 시행령·고시 및 개별 특별법 대조 필요. 공식 원문 재배포 조건 미확인."
children_information--JP,10,children_information,아동 개인정보,JP,jp-appi,"[""제18조 제3항 제3호"",""제20조 제2항 제3호"",""제27조 제1항 제3호"",""제37조 제3항"",""제76조 제2항"",""제90조 제2항"",""제98조 제2항""]","선택 APPI 법문에서는 일률적인 아동 동의 연령을 확인하지 못했다. PPC 통칙편 2-16은 미성년자 등이 개인정보 취급에 동의하여 생기는 결과를 판단할 능력이 없는 경우 친권자·법정대리인 등의 동의를 받아야 한다고 설명한다. 아동의 건전한 육성 추진에 특히 필요하고 본인 동의를 받기 어려운 경우에는 목적 외 취급·배려정보 취득·제3자 제공의 예외가 있다. 민간 청구는 시행령 제13조에 따라 미성년자 법정대리인이 할 수 있고, 공공 공개·정정·이용정지도 대리 규정을 둔다.","아동 육성 목적만으로 예외가 성립하지 않고 특별한 필요성과 동의 취득 곤란이 필요하다. 통칙편의 판단능력에 따른 동의 안내와 법정대리인의 권리청구 절차는 일률적인 동의 연령 규정이 아니다. 모든 미성년자에게 동일하게 보호자 동의가 필요하다고 일반화하지 않는다. PPC Q&A 1-62는 대상 개인정보 항목·사업 성격 등에 따라 개별 구체적으로 판단하되, 일반적으로 12세부터 15세까지의 연령 이하 아동은 법정대리인 등의 동의가 필요하다고 설명한다. 이 문구는 12~15세 아동만을 의미하거나 15세를 일률적 법정 동의 연령으로 정한 것이 아니므로, 고정 연령 기준으로 바꾸지 않는다.","[""./translations/appi.md#main-a18-p3-i3"",""./translations/appi.md#main-a20-p2-i3"",""./translations/appi.md#main-a27-p1-i3"",""./translations/appi.md#main-a37-p3"",""./translations/appi.md#main-a76-p2"",""./translations/appi.md#main-a90-p2"",""./translations/appi.md#main-a98-p2""]",https://laws.e-gov.go.jp/api/2/law_data/415AC0000000057_20261001_507AC0000000070,415AC0000000057_20261001_507AC0000000070; CurrentEnforced; 본칙·제공 부칙·별표 확보,full_draft,unreviewed,"사람 의미·법률 검수 미착수. 선택 APPI 원문과 관련 시행령·위원회 규칙·PPC 통칙편 및 Q&A 1-62를 원문대조한 조항분류 초안이며, 한국법과의 동일성이나 집행실무는 검토하지 않음. 통칙편 2-16·Q&A 1-62와 시행령 제13조·제22조·제29조는 확인함. 민법 전체·아동 관련 분야별 법령 및 구체 사례의 동의능력 판단은 미검토. Q&A의 일반적 연령 안내는 법정 일률 연령으로 제시하지 않음. 상세 근거·검수 질문: japan-pre-review.md#criterion-10."
children_information--CN,10,children_information,아동 개인정보,CN,cn-pipl,,미검토,미검토,,https://flk.npc.gov.cn/law-search/search/flfgDetails?bbbs=ff8081817b6472a3017b656cc2040044,NPC DB bbbs ff8081817b6472a3017b656cc2040044; sxx=3(유효); 공포 2021-08-20·시행 2021-11-01 메타데이터 확인; 목차 확보·법문 파일 미확보,not_started,unreviewed,한국·일본 우선 작업 후 재개; 공식 판본·전체 범위·이용조건 확인 및 전문 번역 미완료
children_information--EU,10,children_information,아동 개인정보,EU,eu-gdpr,,미검토,미검토,,https://op.europa.eu/en/publication-detail/-/publication/3e485e15-11bd-11e6-ba9a-01aa75ed71a1/language-en,"EU 출판국 OJ L 119, 4.5.2016 관보 원판 HTML·PDF; 11장·15절·99조·전문 고려사항 173개; 제99조 적용 2018-05-25; 정오표·현행 통합본 검토 필요",not_started,unreviewed,한국·일본 우선 작업 후 재개; 공식 판본·전체 범위·이용조건 확인 및 전문 번역 미완료
children_information--GB,10,children_information,아동 개인정보,GB,gb-uk-gdpr,,미검토,미검토,,https://www.legislation.gov.uk/eur/2016/679/data.xml,"revised XML; RestrictStartDate 2026-09-30; 미반영 개정 5건 존재, 현행성 검토 필요",not_started,unreviewed,한국·일본 우선 작업 후 재개; 공식 판본·전체 범위·이용조건 확인 및 전문 번역 미완료
children_information--US-CA,10,children_information,아동 개인정보,US-CA,us-ca-ccpa,,미검토,미검토,,https://cppa.ca.gov/pdf/20260101_ccpa_statute.pdf,"CPPA PDF 표제 effective 01/01/2026, AB 137·AB 566 update; 주 의회 법전과 후속 개정 대조 필요",not_started,unreviewed,한국·일본 우선 작업 후 재개; 공식 판본·전체 범위·이용조건 확인 및 전문 번역 미완료
children_information--SG,10,children_information,아동 개인정보,SG,sg-pdpa,,미검토,미검토,,https://sso.agc.gov.sg/Act/PDPA2012,SSO Current version as at 06 Oct 2026; 2020 REVISED EDITION 기반; 전체 범위·후속 개정 시행일 검토 필요,not_started,unreviewed,한국·일본 우선 작업 후 재개; 공식 판본·전체 범위·이용조건 확인 및 전문 번역 미완료
security_measures--KR,11,security_measures,안전성 확보조치,KR,kr-pipa,"[""제23조"",""제24조"",""제24조의2"",""제25조"",""제25조의2"",""제26조"",""제28조"",""제28조의4"",""제29조"",""제30조의3"",""제31조"",""제32조의2"",""제33조"",""제34조의2"",""제58조"",""제63조의2"",""부칙(법률 제21445호, 2026-03-10) 제1조""]","유출·분실·도난·위조·변조·훼손을 막기 위한 기술·관리·물리적 조치로 내부계획·접속기록 보관 등을 요구한다. 민감정보·식별정보·가명정보·영상과 위탁은 추가 안전의무가 있다. 취급자 최소화·감독·교육, 대표자의 자원 지원과 보호책임자 독립성을 확보하며, 인증·공공기관 영향평가·사전점검·노출정보 삭제차단 체계를 둔다.",보호책임자 별도 지정이 면제되는 경우에도 대표자가 책임자가 된다. 영향평가 의무는 대통령령 기준의 공공기관 파일을 대상으로 하고 민간에는 노력의무가 있다. 국가안보·고유 목적 부분제외에도 안전관리 조치는 남는다. 선택 본칙의 인증은 임의 인증 체계이며 2027년 시행할 제32조의2제1항 단서를 현재 의무로 요약하지 않는다.,"[""./sources/pipa-index.md#pipa-a23"",""./sources/pipa-index.md#pipa-a24"",""./sources/pipa-index.md#pipa-a24-2"",""./sources/pipa-index.md#pipa-a25"",""./sources/pipa-index.md#pipa-a25-2"",""./sources/pipa-index.md#pipa-a26"",""./sources/pipa-index.md#pipa-a28"",""./sources/pipa-index.md#pipa-a28-4"",""./sources/pipa-index.md#pipa-a29"",""./sources/pipa-index.md#pipa-a30-3"",""./sources/pipa-index.md#pipa-a31"",""./sources/pipa-index.md#pipa-a32-2"",""./sources/pipa-index.md#pipa-a33"",""./sources/pipa-index.md#pipa-a34-2"",""./sources/pipa-index.md#pipa-a58"",""./sources/pipa-index.md#pipa-a63-2"",""./sources/pipa-index.md#pipa-suppl-21445-a1""]",https://www.law.go.kr/LSW//lsInfoP.do?lsiSeq=283839&chrClsCd=010202&urlMode=lsInfoP&efYd=20260911&ancYnChk=0,"국가법령정보센터 lsiSeq 283839; 법률 제21445호, 2026-03-10 일부개정, 2026-09-11 시행; 공식 본문 HTML 확보; 시행예정·부칙·누락 및 이용조건 대조 필요",official_original_indexed,unreviewed,"Codex 자체 요약·사람 검수 전 초안. 선택 판본: 법률 제21445호(2026-03-10 개정), 2026-09-11 시행. 관련 시행령·고시 및 개별 특별법 대조 필요. 공식 원문 재배포 조건 미확인. 법률21445 부칙 제1조 단서(본칙 아님): 제32조의2제1항 단서 및 제75조제2항제15호 개정은 2027-07-01 시행. 장래 인증의무 대상·내용은 별도 장래판본 검토 필요."
security_measures--JP,11,security_measures,안전성 확보조치,JP,jp-appi,"[""제23조"",""제24조"",""제25조"",""제46조"",""제66조"",""제67조"",""제70조"",""제41조 제2항"",""제43조 제2항"",""제43조 제6항"",""제73조 제2항"",""제121조 제2항"",""제123조 제3항"",""제57조 제3항"",""제42조 제3항""]","민간은 개인데이터 안전관리와 종사자·수탁자 감독을 해야 한다. PPC 통칙은 위험·규모·정보 성질에 따른 조치, 조직적·인적·물리적·기술적 안전관리 및 외적 환경 파악을 구체화한다. 공공은 보유개인정보 안전관리와 종사자의 누설·부당이용 금지를 규정하고 수탁업무 및 다단계 위탁에도 안전관리를 준용한다. 가명·익명정보와 삭제·가공방법 정보에는 권한·책임 명확화, 취급규정·평가·개선, 무권한 취급 방지 등 별도 규칙상 기준이 있다.","제42조 제3항은 개인정보가 아닌 가명가공정보에 안전관리·종사자 및 수탁자 감독을 준용하며 안전관리 대상 사고를 유출로 바꾸어 읽는다. 민간 익명정보 자체에 관한 제43조 제6항·제46조의 자율조치와 공표, 제57조 적용제외 주체의 자율조치·공표는 노력의무이나 삭제·가공방법 정보의 안전관리는 의무이다. 공공 익명정보 관리기준은 법적 의무이다. 통칙의 필수조치와 방법 예시·권고를 구별하고 전 업종에 동일한 기술조치를 일률 강제하는 것으로 읽지 않는다.","[""./translations/appi.md#main-a23"",""./translations/appi.md#main-a24"",""./translations/appi.md#main-a25"",""./translations/appi.md#main-a46"",""./translations/appi.md#main-a66"",""./translations/appi.md#main-a67"",""./translations/appi.md#main-a70"",""./translations/appi.md#main-a41-p2"",""./translations/appi.md#main-a43-p2"",""./translations/appi.md#main-a43-p6"",""./translations/appi.md#main-a73-p2"",""./translations/appi.md#main-a121-p2"",""./translations/appi.md#main-a123-p3"",""./translations/appi.md#main-a57-p3"",""./translations/appi.md#main-a42-p3""]",https://laws.e-gov.go.jp/api/2/law_data/415AC0000000057_20261001_507AC0000000070,415AC0000000057_20261001_507AC0000000070; CurrentEnforced; 본칙·제공 부칙·별표 확보,full_draft,unreviewed,"사람 의미·법률 검수 전 공식원문 대조 초안. APPI 선택 시행판본, 시행령(2026-07-31), 시행규칙(2026-06-14) 및 PPC 통칙의 해당 범위를 직접 대조함. 한국법 개념과의 동일성·개별 사안 및 집행실무는 미검토. 가명·익명 전용 PPC 지침, 행정기관등 안전관리 지침, 업종별 특별규칙 및 개별 사안의 위험평가는 미대조. 통칙은 2026-06-14 조번호를 기준으로 표시하므로 선택 APPI 판본과의 조번호·내용 대조 및 사람 검수 유지. 상세 근거·검수 질문: japan-pre-review.md#criterion-11."
security_measures--CN,11,security_measures,안전성 확보조치,CN,cn-pipl,,미검토,미검토,,https://flk.npc.gov.cn/law-search/search/flfgDetails?bbbs=ff8081817b6472a3017b656cc2040044,NPC DB bbbs ff8081817b6472a3017b656cc2040044; sxx=3(유효); 공포 2021-08-20·시행 2021-11-01 메타데이터 확인; 목차 확보·법문 파일 미확보,not_started,unreviewed,한국·일본 우선 작업 후 재개; 공식 판본·전체 범위·이용조건 확인 및 전문 번역 미완료
security_measures--EU,11,security_measures,안전성 확보조치,EU,eu-gdpr,,미검토,미검토,,https://op.europa.eu/en/publication-detail/-/publication/3e485e15-11bd-11e6-ba9a-01aa75ed71a1/language-en,"EU 출판국 OJ L 119, 4.5.2016 관보 원판 HTML·PDF; 11장·15절·99조·전문 고려사항 173개; 제99조 적용 2018-05-25; 정오표·현행 통합본 검토 필요",not_started,unreviewed,한국·일본 우선 작업 후 재개; 공식 판본·전체 범위·이용조건 확인 및 전문 번역 미완료
security_measures--GB,11,security_measures,안전성 확보조치,GB,gb-uk-gdpr,,미검토,미검토,,https://www.legislation.gov.uk/eur/2016/679/data.xml,"revised XML; RestrictStartDate 2026-09-30; 미반영 개정 5건 존재, 현행성 검토 필요",not_started,unreviewed,한국·일본 우선 작업 후 재개; 공식 판본·전체 범위·이용조건 확인 및 전문 번역 미완료
security_measures--US-CA,11,security_measures,안전성 확보조치,US-CA,us-ca-ccpa,,미검토,미검토,,https://cppa.ca.gov/pdf/20260101_ccpa_statute.pdf,"CPPA PDF 표제 effective 01/01/2026, AB 137·AB 566 update; 주 의회 법전과 후속 개정 대조 필요",not_started,unreviewed,한국·일본 우선 작업 후 재개; 공식 판본·전체 범위·이용조건 확인 및 전문 번역 미완료
security_measures--SG,11,security_measures,안전성 확보조치,SG,sg-pdpa,,미검토,미검토,,https://sso.agc.gov.sg/Act/PDPA2012,SSO Current version as at 06 Oct 2026; 2020 REVISED EDITION 기반; 전체 범위·후속 개정 시행일 검토 필요,not_started,unreviewed,한국·일본 우선 작업 후 재개; 공식 판본·전체 범위·이용조건 확인 및 전문 번역 미완료
processor_contracting--KR,12,processor_contracting,처리 위탁,KR,kr-pipa,"[""제25조"",""제25조의2"",""제26조"",""제28조의8"",""제30조"",""제64조의2""]",처리 위탁은 목적 외 처리금지·보호조치 등을 포함한 문서로 정하고 업무와 수탁자를 공개한다. 홍보·판매권유 업무는 정보주체에게 별도로 알리며 수탁자 교육·점검 등 감독을 실시한다. 수탁자는 위탁범위를 넘어 이용·제공할 수 없고 재위탁은 위탁자 동의를 받아야 한다. 열거된 개인정보처리자 의무가 준용되며 수탁자의 위반에 관한 손해배상 관계도 정한다.,공공기관 영상기기 위탁은 추가 절차·요건이 있고 국외 위탁은 국외이전 규정도 적용된다. 위탁은 제3자 제공과 별도 체계이나 아무런 제한 없이 허용되는 것은 아니다. 수탁자에게 준용되는 조항은 제26조제8항의 목록을 확인해야 하며 위탁자의 감독·교육 소홀은 과징금 사유가 될 수 있다.,"[""./sources/pipa-index.md#pipa-a25"",""./sources/pipa-index.md#pipa-a25-2"",""./sources/pipa-index.md#pipa-a26"",""./sources/pipa-index.md#pipa-a28-8"",""./sources/pipa-index.md#pipa-a30"",""./sources/pipa-index.md#pipa-a64-2""]",https://www.law.go.kr/LSW//lsInfoP.do?lsiSeq=283839&chrClsCd=010202&urlMode=lsInfoP&efYd=20260911&ancYnChk=0,"국가법령정보센터 lsiSeq 283839; 법률 제21445호, 2026-03-10 일부개정, 2026-09-11 시행; 공식 본문 HTML 확보; 시행예정·부칙·누락 및 이용조건 대조 필요",official_original_indexed,unreviewed,"Codex 자체 요약·사람 검수 전 초안. 선택 판본: 법률 제21445호(2026-03-10 개정), 2026-09-11 시행. 관련 시행령·고시 및 개별 특별법 대조 필요. 공식 원문 재배포 조건 미확인."
processor_contracting--JP,12,processor_contracting,처리 위탁,JP,jp-appi,"[""제25조"",""제27조 제5항 제1호"",""제26조 제1항"",""제66조 제2항 제1호"",""제66조 제2항 제5호"",""제73조 제5항"",""제116조 제2항"",""제121조 제3항"",""제123조 제4항"",""제67조""]","민간은 개인데이터 취급 위탁 시 수탁자의 안전관리를 위해 필요하고 적절한 감독을 해야 한다. 이용목적 달성에 필요한 범위의 위탁 제공은 제3자 비해당이다. 통칙은 수탁자의 법 제23조 수준 안전관리 실시 여부를 선정 전에 확인하도록 하고, 합의한 안전조치·취급상황 파악을 계약에 포함하고 정기감사 등으로 평가하는 것이 바람직하다고 한다. 공공 및 가공정보 수탁업무에는 안전관리·취급의무를 준용하고 다단계 위탁을 포함하는 규정이 있다. 공공 위탁업무의 현직·전직 종사자에게도 누설·부당이용 금지가 적용된다.","제3자 비해당은 감독의무 면제가 아니며 외국 수탁자 제공에는 별도 국외제공 규정을 검토해야 한다. 통칙의 재위탁 상대·업무·취급방법에 대한 사전보고 또는 승인, 수탁자를 통한 또는 직접 감사·확인은 권고로 적혀 있어 모든 경우 사전승인만을 법적 필수요건으로 표시하지 않는다. 수탁자가 보고대상 사고를 알게 된 후 규칙상 사항을 위탁자에게 신속히 통지하면 법 제26조 제1항 단서에 따른 직접 보고 예외가 적용된다.","[""./translations/appi.md#main-a25"",""./translations/appi.md#main-a27-p5-i1"",""./translations/appi.md#main-a26-p1"",""./translations/appi.md#main-a66-p2-i1"",""./translations/appi.md#main-a66-p2-i5"",""./translations/appi.md#main-a73-p5"",""./translations/appi.md#main-a116-p2"",""./translations/appi.md#main-a121-p3"",""./translations/appi.md#main-a123-p4"",""./translations/appi.md#main-a67""]",https://laws.e-gov.go.jp/api/2/law_data/415AC0000000057_20261001_507AC0000000070,415AC0000000057_20261001_507AC0000000070; CurrentEnforced; 본칙·제공 부칙·별표 확보,full_draft,unreviewed,"사람 의미·법률 검수 전 공식원문 대조 초안. APPI 선택 시행판본, 시행령(2026-07-31), 시행규칙(2026-06-14) 및 PPC 통칙의 해당 범위를 직접 대조함. 한국법 개념과의 동일성·개별 사안 및 집행실무는 미검토. 공공부문 위탁 지침, 업종별 위탁규칙·계약형식 및 개별 국외위탁 요건의 상세 대조는 남음. 통칙의 의무와 권고 및 구체적 감독의 충분성은 사람이 확인해야 함. 상세 근거·검수 질문: japan-pre-review.md#criterion-12."
processor_contracting--CN,12,processor_contracting,처리 위탁,CN,cn-pipl,,미검토,미검토,,https://flk.npc.gov.cn/law-search/search/flfgDetails?bbbs=ff8081817b6472a3017b656cc2040044,NPC DB bbbs ff8081817b6472a3017b656cc2040044; sxx=3(유효); 공포 2021-08-20·시행 2021-11-01 메타데이터 확인; 목차 확보·법문 파일 미확보,not_started,unreviewed,한국·일본 우선 작업 후 재개; 공식 판본·전체 범위·이용조건 확인 및 전문 번역 미완료
processor_contracting--EU,12,processor_contracting,처리 위탁,EU,eu-gdpr,,미검토,미검토,,https://op.europa.eu/en/publication-detail/-/publication/3e485e15-11bd-11e6-ba9a-01aa75ed71a1/language-en,"EU 출판국 OJ L 119, 4.5.2016 관보 원판 HTML·PDF; 11장·15절·99조·전문 고려사항 173개; 제99조 적용 2018-05-25; 정오표·현행 통합본 검토 필요",not_started,unreviewed,한국·일본 우선 작업 후 재개; 공식 판본·전체 범위·이용조건 확인 및 전문 번역 미완료
processor_contracting--GB,12,processor_contracting,처리 위탁,GB,gb-uk-gdpr,,미검토,미검토,,https://www.legislation.gov.uk/eur/2016/679/data.xml,"revised XML; RestrictStartDate 2026-09-30; 미반영 개정 5건 존재, 현행성 검토 필요",not_started,unreviewed,한국·일본 우선 작업 후 재개; 공식 판본·전체 범위·이용조건 확인 및 전문 번역 미완료
processor_contracting--US-CA,12,processor_contracting,처리 위탁,US-CA,us-ca-ccpa,,미검토,미검토,,https://cppa.ca.gov/pdf/20260101_ccpa_statute.pdf,"CPPA PDF 표제 effective 01/01/2026, AB 137·AB 566 update; 주 의회 법전과 후속 개정 대조 필요",not_started,unreviewed,한국·일본 우선 작업 후 재개; 공식 판본·전체 범위·이용조건 확인 및 전문 번역 미완료
processor_contracting--SG,12,processor_contracting,처리 위탁,SG,sg-pdpa,,미검토,미검토,,https://sso.agc.gov.sg/Act/PDPA2012,SSO Current version as at 06 Oct 2026; 2020 REVISED EDITION 기반; 전체 범위·후속 개정 시행일 검토 필요,not_started,unreviewed,한국·일본 우선 작업 후 재개; 공식 판본·전체 범위·이용조건 확인 및 전문 번역 미완료
cross_border_transfer--KR,13,cross_border_transfer,국외이전,KR,kr-pipa,"[""제14조"",""제18조"",""제28조의8"",""제28조의9"",""제28조의10"",""제28조의11"",""제31조의2"",""제32조의2"",""부칙(법률 제21445호, 2026-03-10) 제1조""]","국외 제공에는 조회도 포함하고 국외 위탁·보관도 이전으로 규율한다. 별도동의, 법률·조약, 계약에 필요한 위탁보관과 공개·통지, 인증에 따른 조치 또는 동등한 보호수준 인정 등 법정 근거가 있어야 한다. 이전 항목·국가·시기·방법·수령자·목적·기간·거부효과를 알리고 보호조치를 한다. 제3국 재이전에도 규정이 준용되며 위원회는 이전 중지를 명할 수 있다.",계약 근거는 필요한 위탁·보관에 한정되어 일반 제공까지 확장할 수 없다. 인증만으로 모든 이전이 허용되는 것은 아니며 권리보장과 인증사항 이행 조치가 필요하다. 동등성은 위원회 인정이 필요하다. 상호주의 제한에는 조약 등의 이행 예외가 있고 중지명령에는 7일 이내 이의제기 절차가 있다.,"[""./sources/pipa-index.md#pipa-a14"",""./sources/pipa-index.md#pipa-a18"",""./sources/pipa-index.md#pipa-a28-8"",""./sources/pipa-index.md#pipa-a28-9"",""./sources/pipa-index.md#pipa-a28-10"",""./sources/pipa-index.md#pipa-a28-11"",""./sources/pipa-index.md#pipa-a31-2"",""./sources/pipa-index.md#pipa-a32-2"",""./sources/pipa-index.md#pipa-suppl-21445-a1""]",https://www.law.go.kr/LSW//lsInfoP.do?lsiSeq=283839&chrClsCd=010202&urlMode=lsInfoP&efYd=20260911&ancYnChk=0,"국가법령정보센터 lsiSeq 283839; 법률 제21445호, 2026-03-10 일부개정, 2026-09-11 시행; 공식 본문 HTML 확보; 시행예정·부칙·누락 및 이용조건 대조 필요",official_original_indexed,unreviewed,"Codex 자체 요약·사람 검수 전 초안. 선택 판본: 법률 제21445호(2026-03-10 개정), 2026-09-11 시행. 관련 시행령·고시 및 개별 특별법 대조 필요. 공식 원문 재배포 조건 미확인. 인증 종류·동등성 인정 대상·보호조치·시행령 세부조건 미확인. 2027년 인증 개정과 현재 국외이전 인증근거의 관계는 별도 검토."
cross_border_transfer--JP,13,cross_border_transfer,국외이전,JP,jp-appi,"[""제28조 제1항"",""제28조 제2항"",""제28조 제3항"",""제31조 제1항 제2호"",""제31조 제2항"",""제71조 제1항"",""제71조 제2항"",""제71조 제3항"",""제41조 제6항"",""부칙 (레이와 2년 6월 12일 법률 제44호) [발췌] 제4조 제1항"",""부칙 (레이와 2년 6월 12일 법률 제44호) [발췌] 제4조 제2항"",""부칙 (레이와 3년 5월 19일 법률 제37호) [발췌] 제7조 제5항"",""부칙 (레이와 3년 5월 19일 법률 제37호) [발췌] 제7조 제6항"",""부칙 (레이와 3년 5월 19일 법률 제37호) [발췌] 제7조 제7항"",""부칙 (레이와 3년 5월 19일 법률 제37호) [발췌] 제7조 제11항"",""부칙 (레이와 3년 5월 19일 법률 제37호) [발췌] 제7조 제12항"",""부칙 (레이와 3년 5월 19일 법률 제37호) [발췌] 제7조 제13항"",""부칙 (레이와 3년 5월 19일 법률 제37호) [발췌] 제9조 제5항"",""부칙 (레이와 3년 5월 19일 법률 제37호) [발췌] 제9조 제6항"",""부칙 (레이와 3년 5월 19일 법률 제37호) [발췌] 제9조 제7항"",""부칙 (레이와 3년 5월 19일 법률 제37호) [발췌] 제9조 제11항"",""부칙 (레이와 3년 5월 19일 법률 제37호) [발췌] 제9조 제12항"",""부칙 (레이와 3년 5월 19일 법률 제37호) [발췌] 제9조 제13항"",""제27조 제5항 제1호"",""제31조 제1항 제1호"",""제69조 제2항 제4호""]",민간의 외국 제3자 개인데이터 제공은 원칙적으로 국외제공 동의와 사전 정보제공이 필요하다. 법정 동등수준 국가와 상당조치를 지속할 체제를 갖춘 수령자는 별도 구분하며 후자는 정기 확인·지속 이행 확보와 본인 요구 시 정보제공 의무가 있다. 개인관련정보와 공공의 목적 외 국외제공은 각각 별도 요건·준용 범위를 갖는다.,법 제27조제1항 각 호에 해당하면 제28조제1항의 국외제공 동의 예외가 된다. 규칙 제15~18조·제46~48조에 따라 국가·보호제도·수령자 조치를 미리 제공하되 미특정·정보제공 불가 시 대체 정보·사유를 알린다. 상당조치 지속이 어려우면 제공을 중단한다. 확보한 2023-04-18 개정 고시는 EEA 열거 국가·영국의 GDPR/UK GDPR 규율을 받는 수령자 조건을 둔다. 동등수준 국가 지정이나 상당조치 체제만으로 제27조의 일반 제공·위탁 조건까지 면제되는 것은 아니다. 공공 제71조는 목적 외 제공이며 법령·제69조제2항제4호 예외가 있다. 제31조제2항의 준용은 지속조치 의무만 남기고 본인 요구 정보제공 부분을 치환한다. 가명정보 제공 제한·기존 동의 경과는 별도 확인한다.,"[""./translations/appi.md#main-a28-p1"",""./translations/appi.md#main-a28-p2"",""./translations/appi.md#main-a28-p3"",""./translations/appi.md#main-a31-p1-i2"",""./translations/appi.md#main-a31-p2"",""./translations/appi.md#main-a71-p1"",""./translations/appi.md#main-a71-p2"",""./translations/appi.md#main-a71-p3"",""./translations/appi.md#main-a41-p6"",""./translations/appi.md#suppl10-a4-p1"",""./translations/appi.md#suppl10-a4-p2"",""./translations/appi.md#suppl11-a7-p5"",""./translations/appi.md#suppl11-a7-p6"",""./translations/appi.md#suppl11-a7-p7"",""./translations/appi.md#suppl11-a7-p11"",""./translations/appi.md#suppl11-a7-p12"",""./translations/appi.md#suppl11-a7-p13"",""./translations/appi.md#suppl11-a9-p5"",""./translations/appi.md#suppl11-a9-p6"",""./translations/appi.md#suppl11-a9-p7"",""./translations/appi.md#suppl11-a9-p11"",""./translations/appi.md#suppl11-a9-p12"",""./translations/appi.md#suppl11-a9-p13"",""./translations/appi.md#main-a27-p5-i1"",""./translations/appi.md#main-a31-p1-i1"",""./translations/appi.md#main-a69-p2-i4""]",https://laws.e-gov.go.jp/api/2/law_data/415AC0000000057_20261001_507AC0000000070,415AC0000000057_20261001_507AC0000000070; CurrentEnforced; 본칙·제공 부칙·별표 확보,full_draft,unreviewed,"2026-10-08 고정 법문·관련 하위규정 원문 재대조. 사람 의미·법률 검수 미착수. 규칙 제15~18·46~48조 및 고시 제2·3항 확인. 국가 지정 고시의 후속 변경·각 수령자 적용, 국제인증·개별 계약과 부칙별 실제 시행일은 추가 확인 필요. 상세 근거·검수 질문: japan-pre-review.md#criterion-13."
cross_border_transfer--CN,13,cross_border_transfer,국외이전,CN,cn-pipl,,미검토,미검토,,https://flk.npc.gov.cn/law-search/search/flfgDetails?bbbs=ff8081817b6472a3017b656cc2040044,NPC DB bbbs ff8081817b6472a3017b656cc2040044; sxx=3(유효); 공포 2021-08-20·시행 2021-11-01 메타데이터 확인; 목차 확보·법문 파일 미확보,not_started,unreviewed,한국·일본 우선 작업 후 재개; 공식 판본·전체 범위·이용조건 확인 및 전문 번역 미완료
cross_border_transfer--EU,13,cross_border_transfer,국외이전,EU,eu-gdpr,,미검토,미검토,,https://op.europa.eu/en/publication-detail/-/publication/3e485e15-11bd-11e6-ba9a-01aa75ed71a1/language-en,"EU 출판국 OJ L 119, 4.5.2016 관보 원판 HTML·PDF; 11장·15절·99조·전문 고려사항 173개; 제99조 적용 2018-05-25; 정오표·현행 통합본 검토 필요",not_started,unreviewed,한국·일본 우선 작업 후 재개; 공식 판본·전체 범위·이용조건 확인 및 전문 번역 미완료
cross_border_transfer--GB,13,cross_border_transfer,국외이전,GB,gb-uk-gdpr,,미검토,미검토,,https://www.legislation.gov.uk/eur/2016/679/data.xml,"revised XML; RestrictStartDate 2026-09-30; 미반영 개정 5건 존재, 현행성 검토 필요",not_started,unreviewed,한국·일본 우선 작업 후 재개; 공식 판본·전체 범위·이용조건 확인 및 전문 번역 미완료
cross_border_transfer--US-CA,13,cross_border_transfer,국외이전,US-CA,us-ca-ccpa,,미검토,미검토,,https://cppa.ca.gov/pdf/20260101_ccpa_statute.pdf,"CPPA PDF 표제 effective 01/01/2026, AB 137·AB 566 update; 주 의회 법전과 후속 개정 대조 필요",not_started,unreviewed,한국·일본 우선 작업 후 재개; 공식 판본·전체 범위·이용조건 확인 및 전문 번역 미완료
cross_border_transfer--SG,13,cross_border_transfer,국외이전,SG,sg-pdpa,,미검토,미검토,,https://sso.agc.gov.sg/Act/PDPA2012,SSO Current version as at 06 Oct 2026; 2020 REVISED EDITION 기반; 전체 범위·후속 개정 시행일 검토 필요,not_started,unreviewed,한국·일본 우선 작업 후 재개; 공식 판본·전체 범위·이용조건 확인 및 전문 번역 미완료
administrative_fines--KR,14,administrative_fines,과징금,KR,kr-pipa,"[""제26조"",""제29조"",""제64조의2"",""제66조"",""부칙(법률 제21445호, 2026-03-10) 제3조"",""부칙(법률 제19234호) 제8조""]","제64조의2는 위법한 처리, 아동·민감정보·식별정보 위반, 위탁감독 소홀, 가명정보 재식별, 국외이전 및 유출등을 과징금 사유로 정한다. 일반 상한은 전체 매출액 3%이며 특정 반복위반·대규모 피해·시정불이행 후 유출등에는 10% 상한이 가능하다. 산정 시 무관 매출을 제외하고 비례성·예방효과와 피해회복 등을 고려하며 감경·미부과 및 징수·환급 규정을 둔다.",매출이 없거나 산정 곤란한 대통령령상 경우의 상한은 일반 20억원·가중 50억원이다. 유출등 과징금은 안전조치를 다한 경우 예외가 있다. 부당한 매출자료 거부·허위 제출은 전체매출 기준·추정 산정이 가능하다. 보호투자 등에 따른 감경은 고의·중과실을 제외하고 납부능력·경미성 등 미부과 사유도 둔다.,"[""./sources/pipa-index.md#pipa-a26"",""./sources/pipa-index.md#pipa-a29"",""./sources/pipa-index.md#pipa-a64-2"",""./sources/pipa-index.md#pipa-a66"",""./sources/pipa-index.md#pipa-suppl-21445-a3"",""./sources/pipa-index.md#pipa-suppl-19234-a8""]",https://www.law.go.kr/LSW//lsInfoP.do?lsiSeq=283839&chrClsCd=010202&urlMode=lsInfoP&efYd=20260911&ancYnChk=0,"국가법령정보센터 lsiSeq 283839; 법률 제21445호, 2026-03-10 일부개정, 2026-09-11 시행; 공식 본문 HTML 확보; 시행예정·부칙·누락 및 이용조건 대조 필요",official_original_indexed,unreviewed,"Codex 자체 요약·사람 검수 전 초안. 선택 판본: 법률 제21445호(2026-03-10 개정), 2026-09-11 시행. 관련 시행령·고시 및 개별 특별법 대조 필요. 공식 원문 재배포 조건 미확인. 법률21445 부칙 제3조(본칙 아님): 반복위반 가중은 시행후 위반→처분→재위반, 대규모피해 가중은 시행 당시 미종료 위반에도, 시정불이행 가중은 시행후 시정명령부터 적용. 법률19234 부칙 제8조의 구 과징금 경과조치도 검토. 과태료는 이 기준의 과징금과 별개."
administrative_fines--JP,14,administrative_fines,과징금,JP,jp-appi,"[""제176조"",""제177조"",""제178조"",""제179조"",""제180조"",""제181조"",""제182조"",""제183조"",""제185조"",""제184조 제1항 제1호"",""제184조 제1항 제2호"",""부칙 (레이와 4년 6월 17일 법률 제68호) [발췌] 제1항"",""부칙 (레이와 8년 7월 17일 법률 제56호) [발췌] 제1조 제1항 제3호"",""제184조 제1항"",""제185조 제1항 제1호"",""제185조 제1항 제2호"",""제185조 제1항 제3호""]","선택 APPI 본칙 제1~185조에서 매출액에 연동한 과징금 부과 조항은 확인하지 못했다. 형사벌금과 과료를 구분한다. 제184조는 대표자·종업원 등이 법인 업무에 관하여 위반한 경우 행위자 처벌 외 법인에 제178·179조 위반은 1억 엔 이하, 제182조 위반은 같은 조의 벌금형을 규정한다. 제185조는 열거된 행위에 10만 엔 이하 과료를 규정한다.",1억 엔은 특정 위반의 법인 형사벌금 상한이다. 모든 위반의 과징금 상한이나 개인 행위자의 벌금 상한으로 일반화하지 않는다. 과료를 한국의 과징금 또는 형사벌금으로 치환하지 않는다. 법적 성격·다른 법률·개정의 시행 관계까지 규정 없음으로 확정하지 않는다.,"[""./translations/appi.md#main-a176"",""./translations/appi.md#main-a177"",""./translations/appi.md#main-a178"",""./translations/appi.md#main-a179"",""./translations/appi.md#main-a180"",""./translations/appi.md#main-a181"",""./translations/appi.md#main-a182"",""./translations/appi.md#main-a183"",""./translations/appi.md#main-a185"",""./translations/appi.md#main-a184-p1-i1"",""./translations/appi.md#main-a184-p1-i2"",""./translations/appi.md#suppl14-p1"",""./translations/appi.md#suppl21-a1-p1-i3"",""./translations/appi.md#main-a184-p1"",""./translations/appi.md#main-a185-p1-i1"",""./translations/appi.md#main-a185-p1-i2"",""./translations/appi.md#main-a185-p1-i3""]",https://laws.e-gov.go.jp/api/2/law_data/415AC0000000057_20261001_507AC0000000070,415AC0000000057_20261001_507AC0000000070; CurrentEnforced; 본칙·제공 부칙·별표 확보,full_draft,unreviewed,2026-10-08 고정 법문·관련 하위규정 원문 재대조. 사람 의미·법률 검수 미착수. 벌칙 제176~185조와 양벌규정 직접대조. 형사벌금·과료의 국가 간 법적 성격 및 후속 개정 시행 정령·판례는 미검토. 상세 근거·검수 질문: japan-pre-review.md#criterion-14.
administrative_fines--CN,14,administrative_fines,과징금,CN,cn-pipl,,미검토,미검토,,https://flk.npc.gov.cn/law-search/search/flfgDetails?bbbs=ff8081817b6472a3017b656cc2040044,NPC DB bbbs ff8081817b6472a3017b656cc2040044; sxx=3(유효); 공포 2021-08-20·시행 2021-11-01 메타데이터 확인; 목차 확보·법문 파일 미확보,not_started,unreviewed,한국·일본 우선 작업 후 재개; 공식 판본·전체 범위·이용조건 확인 및 전문 번역 미완료
administrative_fines--EU,14,administrative_fines,과징금,EU,eu-gdpr,,미검토,미검토,,https://op.europa.eu/en/publication-detail/-/publication/3e485e15-11bd-11e6-ba9a-01aa75ed71a1/language-en,"EU 출판국 OJ L 119, 4.5.2016 관보 원판 HTML·PDF; 11장·15절·99조·전문 고려사항 173개; 제99조 적용 2018-05-25; 정오표·현행 통합본 검토 필요",not_started,unreviewed,한국·일본 우선 작업 후 재개; 공식 판본·전체 범위·이용조건 확인 및 전문 번역 미완료
administrative_fines--GB,14,administrative_fines,과징금,GB,gb-uk-gdpr,,미검토,미검토,,https://www.legislation.gov.uk/eur/2016/679/data.xml,"revised XML; RestrictStartDate 2026-09-30; 미반영 개정 5건 존재, 현행성 검토 필요",not_started,unreviewed,한국·일본 우선 작업 후 재개; 공식 판본·전체 범위·이용조건 확인 및 전문 번역 미완료
administrative_fines--US-CA,14,administrative_fines,과징금,US-CA,us-ca-ccpa,,미검토,미검토,,https://cppa.ca.gov/pdf/20260101_ccpa_statute.pdf,"CPPA PDF 표제 effective 01/01/2026, AB 137·AB 566 update; 주 의회 법전과 후속 개정 대조 필요",not_started,unreviewed,한국·일본 우선 작업 후 재개; 공식 판본·전체 범위·이용조건 확인 및 전문 번역 미완료
administrative_fines--SG,14,administrative_fines,과징금,SG,sg-pdpa,,미검토,미검토,,https://sso.agc.gov.sg/Act/PDPA2012,SSO Current version as at 06 Oct 2026; 2020 REVISED EDITION 기반; 전체 범위·후속 개정 시행일 검토 필요,not_started,unreviewed,한국·일본 우선 작업 후 재개; 공식 판본·전체 범위·이용조건 확인 및 전문 번역 미완료
corrective_measures--KR,15,corrective_measures,시정조치 등,KR,kr-pipa,"[""제28조의9"",""제32조의2"",""제34조의2"",""제61조"",""제62조"",""제63조"",""제63조의2"",""제64조"",""제65조"",""제66조"",""제75조"",""부칙(법률 제21445호, 2026-03-10) 제1조"",""부칙(법률 제19234호) 제6조""]","보호위원회는 자료 제출·출입검사, 사전 실태점검과 개선권고를 거쳐 침해행위 중지·처리 일시정지 등 시정조치를 명할 수 있다. 국외이전 중지, 노출정보 삭제차단, 인증취소와 고발·징계권고 등의 개별수단도 둔다. 처분 내용·결과를 공표하거나 당사자에게 공표를 명할 수 있다. 위반 유형에 따른 과태료는 과징금과 별도로 규정한다.",중앙행정기관·지방자치단체·국회·법원·헌법재판소·선관위에는 제64조제1항 명령 대신 제3항 권고 체계가 적용된다. 사전점검의 권고를 수락하면 법정 시정명령·권고로 간주되고 불수락·불이행 시 검사가 가능하다. 조사자료 공개는 제한된다. 과태료 감경·면제와 공표 절차는 대통령령 대조가 필요하다.,"[""./sources/pipa-index.md#pipa-a28-9"",""./sources/pipa-index.md#pipa-a32-2"",""./sources/pipa-index.md#pipa-a34-2"",""./sources/pipa-index.md#pipa-a61"",""./sources/pipa-index.md#pipa-a62"",""./sources/pipa-index.md#pipa-a63"",""./sources/pipa-index.md#pipa-a63-2"",""./sources/pipa-index.md#pipa-a64"",""./sources/pipa-index.md#pipa-a65"",""./sources/pipa-index.md#pipa-a66"",""./sources/pipa-index.md#pipa-a75"",""./sources/pipa-index.md#pipa-suppl-21445-a1"",""./sources/pipa-index.md#pipa-suppl-19234-a6""]",https://www.law.go.kr/LSW//lsInfoP.do?lsiSeq=283839&chrClsCd=010202&urlMode=lsInfoP&efYd=20260911&ancYnChk=0,"국가법령정보센터 lsiSeq 283839; 법률 제21445호, 2026-03-10 일부개정, 2026-09-11 시행; 공식 본문 HTML 확보; 시행예정·부칙·누락 및 이용조건 대조 필요",official_original_indexed,unreviewed,"Codex 자체 요약·사람 검수 전 초안. 선택 판본: 법률 제21445호(2026-03-10 개정), 2026-09-11 시행. 관련 시행령·고시 및 개별 특별법 대조 필요. 공식 원문 재배포 조건 미확인. 법률21445 부칙 제1조 단서상 제75조제2항제15호 개정은 2027-07-01 시행. 선택 본칙의 해당 호(거짓 인증표시·홍보)와 장래 개정규정은 구분. 법률19234 부칙 제6조 공표 적용례도 별도 검토."
corrective_measures--JP,15,corrective_measures,시정조치 등,JP,jp-appi,"[""제146조"",""제147조"",""제149조"",""제150조"",""제153조"",""제154조"",""제155조"",""제156조"",""제157조"",""제158조"",""제159조"",""제160조"",""제161조"",""제148조 제1항"",""제148조 제2항"",""제148조 제3항"",""제148조 제4항"",""부칙 (레이와 8년 7월 17일 법률 제56호) [발췌] 제1조 제1항 제3호"",""제146조 제3항"",""제149조 제1항"",""제149조 제2항"",""제150조 제1항"",""제156조 제1항""]","위원회는 민간 취급사업자 등에 보고·검사·지도·조언 및 열거된 위반의 시정 권고를 할 수 있다. 권고 불이행·정당한 이유 부재·중대한 침해 임박 요건의 명령과 법정 긴급명령을 구별하며 명령 위반 사실을 공표할 수 있다. 인정단체에는 개선명령·인정취소, 공공에는 자료·실지조사·지도·권고·조치보고 요구가 별도로 있다.",민간 권고·명령은 각각 열거된 위반과 단계별 요건을 충족해야 한다. 공공의 제156~160조는 회계검사원장을 제외하고 민간과 같은 시정명령을 일반화하지 않는다. 표현·학문·종교·정치활동 자유 및 해당 목적 제공에 대한 권한 제한이 있다. 제150조·정령 제33~35조의 위임 대상은 보고·검사 등 열거 권한이며 권고·명령권 자체의 일반 위임으로 요약하지 않는다.,"[""./translations/appi.md#main-a146"",""./translations/appi.md#main-a147"",""./translations/appi.md#main-a149"",""./translations/appi.md#main-a150"",""./translations/appi.md#main-a153"",""./translations/appi.md#main-a154"",""./translations/appi.md#main-a155"",""./translations/appi.md#main-a156"",""./translations/appi.md#main-a157"",""./translations/appi.md#main-a158"",""./translations/appi.md#main-a159"",""./translations/appi.md#main-a160"",""./translations/appi.md#main-a161"",""./translations/appi.md#main-a148-p1"",""./translations/appi.md#main-a148-p2"",""./translations/appi.md#main-a148-p3"",""./translations/appi.md#main-a148-p4"",""./translations/appi.md#suppl21-a1-p1-i3"",""./translations/appi.md#main-a146-p3"",""./translations/appi.md#main-a149-p1"",""./translations/appi.md#main-a149-p2"",""./translations/appi.md#main-a150-p1"",""./translations/appi.md#main-a156-p1""]",https://laws.e-gov.go.jp/api/2/law_data/415AC0000000057_20261001_507AC0000000070,415AC0000000057_20261001_507AC0000000070; CurrentEnforced; 본칙·제공 부칙·별표 확보,full_draft,unreviewed,2026-10-08 고정 법문·관련 하위규정 원문 재대조. 사람 의미·법률 검수 미착수. 정령 제33~35조의 위임 사유·범위·보고 확인. 송달서류·전체 행정절차·실제 집행사례 및 후속 개정 시행일은 추가 확인 필요. 상세 근거·검수 질문: japan-pre-review.md#criterion-15.
corrective_measures--CN,15,corrective_measures,시정조치 등,CN,cn-pipl,,미검토,미검토,,https://flk.npc.gov.cn/law-search/search/flfgDetails?bbbs=ff8081817b6472a3017b656cc2040044,NPC DB bbbs ff8081817b6472a3017b656cc2040044; sxx=3(유효); 공포 2021-08-20·시행 2021-11-01 메타데이터 확인; 목차 확보·법문 파일 미확보,not_started,unreviewed,한국·일본 우선 작업 후 재개; 공식 판본·전체 범위·이용조건 확인 및 전문 번역 미완료
corrective_measures--EU,15,corrective_measures,시정조치 등,EU,eu-gdpr,,미검토,미검토,,https://op.europa.eu/en/publication-detail/-/publication/3e485e15-11bd-11e6-ba9a-01aa75ed71a1/language-en,"EU 출판국 OJ L 119, 4.5.2016 관보 원판 HTML·PDF; 11장·15절·99조·전문 고려사항 173개; 제99조 적용 2018-05-25; 정오표·현행 통합본 검토 필요",not_started,unreviewed,한국·일본 우선 작업 후 재개; 공식 판본·전체 범위·이용조건 확인 및 전문 번역 미완료
corrective_measures--GB,15,corrective_measures,시정조치 등,GB,gb-uk-gdpr,,미검토,미검토,,https://www.legislation.gov.uk/eur/2016/679/data.xml,"revised XML; RestrictStartDate 2026-09-30; 미반영 개정 5건 존재, 현행성 검토 필요",not_started,unreviewed,한국·일본 우선 작업 후 재개; 공식 판본·전체 범위·이용조건 확인 및 전문 번역 미완료
corrective_measures--US-CA,15,corrective_measures,시정조치 등,US-CA,us-ca-ccpa,,미검토,미검토,,https://cppa.ca.gov/pdf/20260101_ccpa_statute.pdf,"CPPA PDF 표제 effective 01/01/2026, AB 137·AB 566 update; 주 의회 법전과 후속 개정 대조 필요",not_started,unreviewed,한국·일본 우선 작업 후 재개; 공식 판본·전체 범위·이용조건 확인 및 전문 번역 미완료
corrective_measures--SG,15,corrective_measures,시정조치 등,SG,sg-pdpa,,미검토,미검토,,https://sso.agc.gov.sg/Act/PDPA2012,SSO Current version as at 06 Oct 2026; 2020 REVISED EDITION 기반; 전체 범위·후속 개정 시행일 검토 필요,not_started,unreviewed,한국·일본 우선 작업 후 재개; 공식 판본·전체 범위·이용조건 확인 및 전문 번역 미완료
breach_notification--KR,16,breach_notification,유출 등의 통지·신고,KR,kr-pipa,"[""제23조"",""제29조"",""제28조의7"",""제31조의2"",""제34조"",""제34조의2"",""제39조"",""제39조의2"",""제43조"",""제58조"",""제75조"",""부칙(법률 제21445호, 2026-03-10) 제2조""]",유출등을 알게 되면 항목·시점·경위·피해예방·대응·담당연락처와 배상·분쟁조정 등 권리행사 정보를 지체 없이 통지한다. 대통령령이 정하는 유출등 가능성을 알게 된 때에도 관련 정보주체에게 피해예방 정보를 알린다. 회수·삭제 등 확산 방지와 최소화 조치를 마련하고 법정 기준에 따라 위원회 또는 전문기관에 지체 없이 신고한다.,"연락처 불명 등 정당한 사유가 있으면 대통령령상 통지 대체조치를 한다. 특례 가명정보에는 제34조제1항·제2항이 제외되지만 제4항 신고까지 제외되지는 않는다. 제58조제2항의 공개장소 고정형 영상에는 제34조가 제외된다. 가능성 통지의 발생조건, 신고대상 및 시기·방법의 세부수치는 시행령 미확인으로 단정하지 않는다.","[""./sources/pipa-index.md#pipa-a23"",""./sources/pipa-index.md#pipa-a29"",""./sources/pipa-index.md#pipa-a28-7"",""./sources/pipa-index.md#pipa-a31-2"",""./sources/pipa-index.md#pipa-a34"",""./sources/pipa-index.md#pipa-a34-2"",""./sources/pipa-index.md#pipa-a39"",""./sources/pipa-index.md#pipa-a39-2"",""./sources/pipa-index.md#pipa-a43"",""./sources/pipa-index.md#pipa-a58"",""./sources/pipa-index.md#pipa-a75"",""./sources/pipa-index.md#pipa-suppl-21445-a2""]",https://www.law.go.kr/LSW//lsInfoP.do?lsiSeq=283839&chrClsCd=010202&urlMode=lsInfoP&efYd=20260911&ancYnChk=0,"국가법령정보센터 lsiSeq 283839; 법률 제21445호, 2026-03-10 일부개정, 2026-09-11 시행; 공식 본문 HTML 확보; 시행예정·부칙·누락 및 이용조건 대조 필요",official_original_indexed,unreviewed,"Codex 자체 요약·사람 검수 전 초안. 선택 판본: 법률 제21445호(2026-03-10 개정), 2026-09-11 시행. 관련 시행령·고시 및 개별 특별법 대조 필요. 공식 원문 재배포 조건 미확인. 법률21445 부칙 제2조(본칙 아님): 제34조제1항·제4항은 시행후 유출등 인지, 제2항은 시행후 대통령령상 가능성 인지, 제3항은 시행후 유출등 발생부터 적용. 통지·신고 기준에 임의 72시간/인원수 조건을 추가하지 않음."
breach_notification--JP,16,breach_notification,유출 등의 통지·신고,JP,jp-appi,"[""제26조 제1항"",""제26조 제2항"",""제68조 제1항"",""제68조 제2항"",""제41조 제9항"",""제35조 제5항"",""제57조 제1항"",""제58조 제2항"",""제125조 제1항"",""제68조 제2항 제1호"",""제68조 제2항 제2호"",""제78조 제1항""]",법 제26·68조 및 규칙 제7~10·43~45조는 권리이익 침해 우려가 큰 유출·멸실·훼손 또는 발생 우려 사태의 위원회 보고와 본인 통지를 규정한다. 신속한 초기보고와 인지일부터 30일 이내 확정보고(부정목적 행위 유형은 60일 이내)를 구분한다. 본인 통지는 사태에 따라 신속히 하며 일률 30일 기한으로 대체하지 않는다.,"규칙상 배려정보·재산피해 우려·부정목적 행위·규모 유형은 각각 독립 요건이다. 규모는 민간 1,000명 초과, 공공 100명 초과이며 지방의 조례상 배려정보 유형도 있다. 고도암호화 등 권리보호에 필요한 조치를 한 정보의 제외, 취득 예정정보 포함(부정목적 유형), 법 제26조의 민간 수탁사업자의 신속한 위탁자 통지에 따른 보고·본인통지 예외(공공 제68조에 같은 면제를 대입하지 않음), 통지 곤란시 대체조치·공공 비공개정보 예외를 구분한다. 가명정보의 제26조 제외와 적용특례는 별도 확인한다.","[""./translations/appi.md#main-a26-p1"",""./translations/appi.md#main-a26-p2"",""./translations/appi.md#main-a68-p1"",""./translations/appi.md#main-a68-p2"",""./translations/appi.md#main-a41-p9"",""./translations/appi.md#main-a35-p5"",""./translations/appi.md#main-a57-p1"",""./translations/appi.md#main-a58-p2"",""./translations/appi.md#main-a125-p1"",""./translations/appi.md#main-a68-p2-i1"",""./translations/appi.md#main-a68-p2-i2"",""./translations/appi.md#main-a78-p1""]",https://laws.e-gov.go.jp/api/2/law_data/415AC0000000057_20261001_507AC0000000070,415AC0000000057_20261001_507AC0000000070; CurrentEnforced; 본칙·제공 부칙·별표 확보,full_draft,unreviewed,2026-10-08 고정 법문·관련 하위규정 원문 재대조. 사람 의미·법률 검수 미착수. 규칙 제7~10·43~45조에서 유형·기한·보고항목·방법·통지항목 확인. 지침의 초기보고 실무 예시·개별 암호화 판단·기관별 특례·사건 적용은 사람 확인 필요. 상세 근거·검수 질문: japan-pre-review.md#criterion-16.
breach_notification--CN,16,breach_notification,유출 등의 통지·신고,CN,cn-pipl,,미검토,미검토,,https://flk.npc.gov.cn/law-search/search/flfgDetails?bbbs=ff8081817b6472a3017b656cc2040044,NPC DB bbbs ff8081817b6472a3017b656cc2040044; sxx=3(유효); 공포 2021-08-20·시행 2021-11-01 메타데이터 확인; 목차 확보·법문 파일 미확보,not_started,unreviewed,한국·일본 우선 작업 후 재개; 공식 판본·전체 범위·이용조건 확인 및 전문 번역 미완료
breach_notification--EU,16,breach_notification,유출 등의 통지·신고,EU,eu-gdpr,,미검토,미검토,,https://op.europa.eu/en/publication-detail/-/publication/3e485e15-11bd-11e6-ba9a-01aa75ed71a1/language-en,"EU 출판국 OJ L 119, 4.5.2016 관보 원판 HTML·PDF; 11장·15절·99조·전문 고려사항 173개; 제99조 적용 2018-05-25; 정오표·현행 통합본 검토 필요",not_started,unreviewed,한국·일본 우선 작업 후 재개; 공식 판본·전체 범위·이용조건 확인 및 전문 번역 미완료
breach_notification--GB,16,breach_notification,유출 등의 통지·신고,GB,gb-uk-gdpr,,미검토,미검토,,https://www.legislation.gov.uk/eur/2016/679/data.xml,"revised XML; RestrictStartDate 2026-09-30; 미반영 개정 5건 존재, 현행성 검토 필요",not_started,unreviewed,한국·일본 우선 작업 후 재개; 공식 판본·전체 범위·이용조건 확인 및 전문 번역 미완료
breach_notification--US-CA,16,breach_notification,유출 등의 통지·신고,US-CA,us-ca-ccpa,,미검토,미검토,,https://cppa.ca.gov/pdf/20260101_ccpa_statute.pdf,"CPPA PDF 표제 effective 01/01/2026, AB 137·AB 566 update; 주 의회 법전과 후속 개정 대조 필요",not_started,unreviewed,한국·일본 우선 작업 후 재개; 공식 판본·전체 범위·이용조건 확인 및 전문 번역 미완료
breach_notification--SG,16,breach_notification,유출 등의 통지·신고,SG,sg-pdpa,,미검토,미검토,,https://sso.agc.gov.sg/Act/PDPA2012,SSO Current version as at 06 Oct 2026; 2020 REVISED EDITION 기반; 전체 범위·후속 개정 시행일 검토 필요,not_started,unreviewed,한국·일본 우선 작업 후 재개; 공식 판본·전체 범위·이용조건 확인 및 전문 번역 미완료
data_use_promotion--KR,17,data_use_promotion,데이터활용 촉진,KR,kr-pipa,"[""제2조"",""제3조"",""제13조"",""제15조"",""제17조"",""제28조의2"",""제28조의3"",""제28조의4"",""제28조의5"",""제28조의7"",""제35조의2"",""제35조의3"",""제35조의4"",""제58조의2""]","통계·과학적 연구·공익적 기록보존 등의 가명정보 활용에 무동의 특례를 두고 지정 전문기관의 결합·승인반출 체계로 활용을 지원한다. 과학적 연구에는 기술개발·실증과 민간투자 연구 등이 포함된다. 익명정보의 적용제외, 합리적으로 관련된 추가 이용·제공, 정보주체 주도의 전송권과 전문기관·지원 플랫폼도 활용 관련 근거로 연결한다.","활용 촉진은 목적·안전·권리 요건을 없애는 일반 허가가 아니다. 결합 반출 승인, 추가정보 분리·기록보관 및 재식별 금지는 계속 적용된다. 익명정보 여부는 합리적 식별 가능성을 검토하고 전송은 법정 대상과 요건에 한정된다. 제13조는 개인정보보호 자율활동 지원이므로 데이터 이용에 대한 독립적 허용근거로 읽지 않는다.","[""./sources/pipa-index.md#pipa-a2"",""./sources/pipa-index.md#pipa-a3"",""./sources/pipa-index.md#pipa-a13"",""./sources/pipa-index.md#pipa-a15"",""./sources/pipa-index.md#pipa-a17"",""./sources/pipa-index.md#pipa-a28-2"",""./sources/pipa-index.md#pipa-a28-3"",""./sources/pipa-index.md#pipa-a28-4"",""./sources/pipa-index.md#pipa-a28-5"",""./sources/pipa-index.md#pipa-a28-7"",""./sources/pipa-index.md#pipa-a35-2"",""./sources/pipa-index.md#pipa-a35-3"",""./sources/pipa-index.md#pipa-a35-4"",""./sources/pipa-index.md#pipa-a58-2""]",https://www.law.go.kr/LSW//lsInfoP.do?lsiSeq=283839&chrClsCd=010202&urlMode=lsInfoP&efYd=20260911&ancYnChk=0,"국가법령정보센터 lsiSeq 283839; 법률 제21445호, 2026-03-10 일부개정, 2026-09-11 시행; 공식 본문 HTML 확보; 시행예정·부칙·누락 및 이용조건 대조 필요",official_original_indexed,unreviewed,"Codex 자체 요약·사람 검수 전 초안. 선택 판본: 법률 제21445호(2026-03-10 개정), 2026-09-11 시행. 관련 시행령·고시 및 개별 특별법 대조 필요. 공식 원문 재배포 조건 미확인."
data_use_promotion--JP,17,data_use_promotion,데이터활용 촉진,JP,jp-appi,"[""제1조"",""제9조"",""제13조"",""제41조"",""제43조"",""제44조"",""제59조"",""제109조"",""제110조"",""제111조"",""제112조"",""제113조"",""제114조"",""제115조"",""제116조"",""제117조"",""제118조"",""제119조"",""제120조"",""제121조"",""제122조"",""제123조"",""제69조 제2항 제4호"",""부칙 제7조 제1항""]","법은 개인정보의 유용성을 배려하면서 권리이익을 보호하며 국가·지방의 적정한 취급 지원, 가명·익명가공정보 체계, 학술연구기관의 준법·자율조치 및 공공의 통계·학술연구 목적 제공을 규정한다. 행정기관등익명가공정보는 파일요건을 충족한 대상에 제안모집·심사·계약·수수료 절차를 둔다. 규칙은 매 회계연도 1회 이상·30일 이상 모집, 최초 작성제안의 본인 수 최소 1,000명, 사업·이용목적·방법상 필요한 이용기간 및 사무·사업에 현저한 지장을 주지 않는 심사기준을 정한다.","활용은 목적제한·안전관리·재식별 금지·제공 제한을 없애지 않으며 제109조 제2항의 법령 근거 또는 원래 이용목적에 따른 제공 가능 범위를 충족해야 한다. 제118조의 이미 작성된 정보 이용·사업변경 제안에는 최초 작성제안과 같은 본인 수 심사를 그대로 적용하지 않는다. 국가 행정기관의 최초 작성 수수료는 시행령상 21,000엔에 작성시간당(1시간까지마다) 3,950엔 및 위탁작성비를 합산하며, 재이용 유형별 금액이 다르고 지방은 조례, 독립행정법인 등은 기관별 규정에 따른다. 당분간 도도부현·지정도시 외 지방공공단체의 기관 및 지방독립행정법인은 부칙 제7조에 따라 모집이 임의이며 모집하려는 경우에 파일부 기재를 한다.","[""./translations/appi.md#main-a1"",""./translations/appi.md#main-a9"",""./translations/appi.md#main-a13"",""./translations/appi.md#main-a41"",""./translations/appi.md#main-a43"",""./translations/appi.md#main-a44"",""./translations/appi.md#main-a59"",""./translations/appi.md#main-a109"",""./translations/appi.md#main-a110"",""./translations/appi.md#main-a111"",""./translations/appi.md#main-a112"",""./translations/appi.md#main-a113"",""./translations/appi.md#main-a114"",""./translations/appi.md#main-a115"",""./translations/appi.md#main-a116"",""./translations/appi.md#main-a117"",""./translations/appi.md#main-a118"",""./translations/appi.md#main-a119"",""./translations/appi.md#main-a120"",""./translations/appi.md#main-a121"",""./translations/appi.md#main-a122"",""./translations/appi.md#main-a123"",""./translations/appi.md#main-a69-p2-i4"",""./translations/appi.md#suppl1-a7-p1""]",https://laws.e-gov.go.jp/api/2/law_data/415AC0000000057_20261001_507AC0000000070,415AC0000000057_20261001_507AC0000000070; CurrentEnforced; 본칙·제공 부칙·별표 확보,full_draft,unreviewed,"사람 의미·법률 검수 전 공식원문 대조 초안. APPI 선택 시행판본, 시행령(2026-07-31), 시행규칙(2026-06-14) 및 PPC 통칙의 해당 범위를 직접 대조함. 한국법 개념과의 동일성·개별 사안 및 집행실무는 미검토. 공공 제안서·계약서의 별기 서식과 기관별 운용, 지방 조례·수수료 및 실제 모집 실시, 학술연구 전용 해석 지침은 미대조. 한국 데이터활용 특례와 동일시하지 않음. 상세 근거·검수 질문: japan-pre-review.md#criterion-17."
data_use_promotion--CN,17,data_use_promotion,데이터활용 촉진,CN,cn-pipl,,미검토,미검토,,https://flk.npc.gov.cn/law-search/search/flfgDetails?bbbs=ff8081817b6472a3017b656cc2040044,NPC DB bbbs ff8081817b6472a3017b656cc2040044; sxx=3(유효); 공포 2021-08-20·시행 2021-11-01 메타데이터 확인; 목차 확보·법문 파일 미확보,not_started,unreviewed,한국·일본 우선 작업 후 재개; 공식 판본·전체 범위·이용조건 확인 및 전문 번역 미완료
data_use_promotion--EU,17,data_use_promotion,데이터활용 촉진,EU,eu-gdpr,,미검토,미검토,,https://op.europa.eu/en/publication-detail/-/publication/3e485e15-11bd-11e6-ba9a-01aa75ed71a1/language-en,"EU 출판국 OJ L 119, 4.5.2016 관보 원판 HTML·PDF; 11장·15절·99조·전문 고려사항 173개; 제99조 적용 2018-05-25; 정오표·현행 통합본 검토 필요",not_started,unreviewed,한국·일본 우선 작업 후 재개; 공식 판본·전체 범위·이용조건 확인 및 전문 번역 미완료
data_use_promotion--GB,17,data_use_promotion,데이터활용 촉진,GB,gb-uk-gdpr,,미검토,미검토,,https://www.legislation.gov.uk/eur/2016/679/data.xml,"revised XML; RestrictStartDate 2026-09-30; 미반영 개정 5건 존재, 현행성 검토 필요",not_started,unreviewed,한국·일본 우선 작업 후 재개; 공식 판본·전체 범위·이용조건 확인 및 전문 번역 미완료
data_use_promotion--US-CA,17,data_use_promotion,데이터활용 촉진,US-CA,us-ca-ccpa,,미검토,미검토,,https://cppa.ca.gov/pdf/20260101_ccpa_statute.pdf,"CPPA PDF 표제 effective 01/01/2026, AB 137·AB 566 update; 주 의회 법전과 후속 개정 대조 필요",not_started,unreviewed,한국·일본 우선 작업 후 재개; 공식 판본·전체 범위·이용조건 확인 및 전문 번역 미완료
data_use_promotion--SG,17,data_use_promotion,데이터활용 촉진,SG,sg-pdpa,,미검토,미검토,,https://sso.agc.gov.sg/Act/PDPA2012,SSO Current version as at 06 Oct 2026; 2020 REVISED EDITION 기반; 전체 범위·후속 개정 시행일 검토 필요,not_started,unreviewed,한국·일본 우선 작업 후 재개; 공식 판본·전체 범위·이용조건 확인 및 전문 번역 미완료
